,Cement,Blast_Furnace_Slag,Fly_Ash,Water,Superplasticizer,Coarse_Aggregate,Fine_Aggregate,Age,Strength,Concrete_Grade
0,251.4,0.0,118.3,188.5,6.4,1028.4,757.7,56,36.64,C25/30
1,339.0,0.0,0.0,197.0,0.0,968.0,781.0,7,20.97,C16/20
2,250.0,0.0,95.7,187.4,5.5,956.9,861.2,56,38.33,C30/37
3,233.8,0.0,94.6,197.9,4.6,947.0,852.2,100,34.56,C25/30
4,350.0,0.0,0.0,186.0,0.0,1050.0,770.0,28,34.29,C25/30
5,145.0,0.0,134.0,181.0,11.0,979.0,812.0,28,13.2,NoClass
6,295.7,0.0,95.6,171.5,8.9,955.1,859.2,14,35.23,C25/30
7,190.7,0.0,125.4,162.1,7.8,1090.0,804.0,100,40.57,C30/37
8,167.4,129.9,128.6,175.5,7.8,1006.3,746.6,100,53.66,C40/50
9,250.0,0.0,95.7,191.8,5.3,948.9,857.2,56,39.64,C30/37
10,173.5,50.1,173.5,164.8,6.5,1006.2,793.5,100,56.06,C45/55
11,295.7,0.0,95.6,171.5,8.9,955.1,859.2,56,48.72,C35/45
12,251.4,0.0,118.3,188.5,5.8,1028.4,757.7,100,43.58,C30/37
13,190.3,0.0,125.2,161.9,9.9,1088.1,802.6,100,40.39,C30/37
14,333.0,17.5,163.0,167.0,17.9,996.0,652.0,28,47.28,C35/45
15,203.5,135.7,0.0,185.7,0.0,1076.2,759.3,7,11.96,NoClass
16,362.6,189.0,0.0,164.9,11.6,944.7,755.8,7,55.9,C45/55
17,297.2,0.0,117.5,174.8,9.5,1022.8,753.5,56,51.96,C40/50
18,181.9,272.8,0.0,185.7,0.0,1012.4,714.3,7,12.37,NoClass
19,401.8,94.7,0.0,147.4,11.4,946.8,852.1,7,54.1,C40/50
20,277.0,0.0,0.0,191.0,0.0,968.0,856.0,360,33.7,C25/30
21,239.6,359.4,0.0,185.7,0.0,941.6,664.3,7,25.42,C20/25
22,183.9,122.6,0.0,203.5,0.0,959.2,800.0,7,10.79,NoClass
23,446.0,24.0,79.0,162.0,10.3,967.0,712.0,56,54.77,C40/50
24,485.0,0.0,0.0,146.0,0.0,1120.0,800.0,28,71.99,C50/60
25,379.5,151.2,0.0,153.9,15.9,1134.3,605.0,3,28.6,C20/25
26,155.0,0.0,143.0,193.0,9.0,877.0,868.0,28,9.74,NoClass
27,337.9,189.0,0.0,174.9,9.5,944.7,755.8,56,59.89,C45/55
28,331.0,0.0,0.0,192.0,0.0,1025.0,821.0,7,17.44,C12/15
29,150.7,0.0,185.3,166.7,15.6,1074.5,678.0,28,13.46,NoClass
30,165.0,0.0,143.6,163.8,0.0,1005.6,900.9,100,37.96,C30/37
31,236.0,157.0,0.0,192.0,0.0,972.6,749.1,90,47.78,C35/45
32,212.1,0.0,121.6,180.3,5.7,1057.6,779.3,100,39.61,C30/37
33,332.5,142.5,0.0,228.0,0.0,932.0,594.0,28,33.02,C25/30
34,108.3,162.4,0.0,203.5,0.0,938.2,849.0,3,2.33,NoClass
35,237.5,237.5,0.0,228.0,0.0,932.0,594.0,365,39.0,C30/37
36,397.0,0.0,0.0,185.7,0.0,1040.6,734.3,7,25.45,C20/25
37,213.8,98.1,24.5,181.7,6.7,1066.0,785.5,14,17.84,C12/15
38,303.6,139.9,0.0,213.5,6.2,895.5,722.5,28,33.42,C25/30
39,375.0,0.0,0.0,186.0,0.0,1038.0,758.0,28,38.21,C30/37
40,212.5,0.0,100.4,159.3,8.7,1007.8,903.6,3,13.54,NoClass
41,165.0,0.0,143.6,163.8,0.0,1005.6,900.9,28,26.2,C20/25
42,318.8,212.5,0.0,155.7,14.3,852.1,880.4,7,33.4,C25/30
43,152.0,178.0,139.0,168.0,18.0,944.0,695.0,28,36.35,C25/30
44,141.3,212.0,0.0,203.5,0.0,971.8,748.5,28,29.89,C20/25
45,332.5,142.5,0.0,228.0,0.0,932.0,594.0,365,41.05,C30/37
46,220.8,147.2,0.0,185.7,0.0,1055.0,744.3,28,25.75,C20/25
47,382.0,0.0,0.0,186.0,0.0,1047.0,739.0,7,24.0,C16/20
48,168.0,42.1,163.8,121.8,5.7,1058.7,780.1,3,7.75,NoClass
49,234.0,156.0,0.0,189.0,5.9,981.0,760.0,28,39.3,C30/37
50,349.0,0.0,0.0,192.0,0.0,1056.0,809.0,7,9.01,NoClass
51,238.1,0.0,94.1,186.7,7.0,949.9,847.0,100,44.3,C30/37
52,436.0,0.0,0.0,218.0,0.0,838.4,719.7,28,23.85,C16/20
53,385.0,0.0,0.0,186.0,0.0,966.0,763.0,28,31.35,C25/30
54,266.0,114.0,0.0,228.0,0.0,932.0,670.0,365,52.91,C40/50
55,212.0,0.0,124.8,159.0,7.8,1085.4,799.5,56,45.08,C35/45
56,284.0,119.7,0.0,168.3,7.2,970.4,794.2,28,40.93,C30/37
57,310.0,0.0,0.0,192.0,0.0,1012.0,830.0,120,38.7,C30/37
58,331.0,0.0,0.0,192.0,0.0,978.0,825.0,90,37.23,C30/37
59,480.0,0.0,0.0,192.0,0.0,936.0,721.0,90,54.28,C40/50
60,480.0,0.0,0.0,192.0,0.0,936.2,712.2,7,34.57,C25/30
61,213.7,98.1,24.5,181.7,6.9,1065.8,785.4,100,53.9,C40/50
62,500.0,0.0,0.0,151.0,9.0,1033.0,655.0,28,69.84,C50/60
63,133.0,200.0,0.0,192.0,0.0,927.4,839.2,3,6.88,NoClass
64,122.6,183.9,0.0,203.5,0.0,958.2,800.1,90,33.19,C25/30
65,144.0,170.0,133.0,192.0,8.0,814.0,805.0,28,29.87,C20/25
66,290.4,0.0,96.2,168.1,9.4,961.2,865.0,56,45.08,C35/45
67,252.0,97.0,76.0,194.0,8.0,835.0,821.0,28,33.4,C25/30
68,310.0,0.0,0.0,192.0,0.0,970.0,850.0,7,14.99,NoClass
69,296.0,0.0,0.0,186.0,0.0,1090.0,769.0,28,25.18,C20/25
70,388.6,97.1,0.0,157.9,12.1,852.1,925.7,56,55.2,C45/55
71,277.2,97.8,24.5,160.7,11.2,1061.7,782.5,100,66.95,C50/60
72,236.0,0.0,0.0,194.0,0.0,968.0,885.0,90,21.95,C16/20
73,144.0,136.0,106.0,178.0,7.0,941.0,774.0,28,26.14,C20/25
74,252.3,0.0,98.8,146.3,14.2,987.8,889.0,56,55.83,C45/55
75,184.0,86.0,190.0,213.0,6.0,923.0,623.0,28,22.93,C16/20
76,317.9,0.0,126.5,209.7,5.7,860.5,736.6,28,40.06,C30/37
77,140.0,164.0,128.0,237.0,6.0,869.0,656.0,28,35.23,C25/30
78,491.0,26.0,123.0,210.0,3.9,882.0,699.0,28,55.55,C45/55
79,374.0,0.0,0.0,190.0,7.0,1013.0,730.0,28,39.05,C30/37
80,213.5,0.0,174.2,154.6,11.7,1052.3,775.5,28,45.94,C35/45
81,424.0,22.0,132.0,178.0,8.5,822.0,750.0,7,39.0,C30/37
82,469.0,117.2,0.0,137.8,32.2,852.1,840.5,7,54.9,C40/50
83,525.0,0.0,0.0,189.0,0.0,1125.0,613.0,3,33.8,C25/30
84,275.1,0.0,121.4,159.5,9.9,1053.6,777.5,3,23.8,C16/20
85,251.4,0.0,118.3,188.5,5.8,1028.4,757.7,28,29.65,C20/25
86,202.0,11.0,141.0,206.0,1.7,942.0,801.0,56,23.25,C16/20
87,333.0,0.0,0.0,192.0,0.0,931.2,842.6,90,41.68,C30/37
88,288.0,192.0,0.0,192.0,0.0,932.0,717.8,7,23.52,C16/20
89,170.3,155.5,0.0,185.7,0.0,1026.6,724.3,7,10.73,NoClass
90,167.4,129.9,128.6,175.5,7.8,1006.3,746.6,14,31.81,C25/30
91,359.0,19.0,141.0,154.0,10.9,942.0,801.0,7,35.75,C25/30
92,305.3,203.5,0.0,203.5,0.0,965.4,631.0,90,54.6,C40/50
93,313.0,161.0,0.0,178.0,10.0,917.0,759.0,28,52.44,C40/50
94,154.0,144.0,112.0,220.0,10.0,923.0,658.0,28,16.5,C12/15
95,236.0,0.0,0.0,193.0,0.0,968.0,885.0,365,25.08,C20/25
96,318.8,212.5,0.0,155.7,14.3,852.1,880.4,56,66.1,C50/60
97,388.6,97.1,0.0,157.9,12.1,852.1,925.7,3,28.1,C20/25
98,475.0,0.0,0.0,228.0,0.0,932.0,594.0,28,39.29,C30/37
99,425.0,106.3,0.0,151.4,18.6,936.0,803.7,56,64.9,C50/60
100,192.0,288.0,0.0,192.0,0.0,929.8,716.1,3,12.79,NoClass
101,475.0,118.8,0.0,181.1,8.9,852.1,781.5,3,37.8,C30/37
102,250.0,0.0,95.7,187.4,5.5,956.9,861.2,100,42.35,C30/37
103,475.0,0.0,0.0,228.0,0.0,932.0,594.0,7,38.6,C30/37
104,425.0,106.3,0.0,153.5,16.5,852.1,887.1,91,65.2,C50/60
105,202.0,11.0,141.0,206.0,1.7,942.0,801.0,28,21.97,C16/20
106,331.0,0.0,0.0,192.0,0.0,978.0,825.0,7,16.26,C12/15
107,397.0,17.2,158.0,167.0,20.8,967.0,633.0,28,55.65,C45/55
108,230.0,0.0,118.3,195.5,4.6,1029.4,758.6,28,24.48,C16/20
109,331.0,0.0,0.0,192.0,0.0,1025.0,821.0,3,14.31,NoClass
110,349.0,0.0,0.0,192.0,0.0,1047.0,806.0,180,41.05,C30/37
111,255.0,0.0,0.0,192.0,0.0,889.8,945.0,3,8.2,NoClass
112,172.4,13.6,172.4,156.8,4.1,1006.3,856.4,14,29.75,C20/25
113,304.0,76.0,0.0,228.0,0.0,932.0,670.0,180,50.95,C40/50
114,339.2,0.0,0.0,185.7,0.0,1069.2,754.3,7,21.18,C16/20
115,359.0,19.0,141.0,154.0,10.9,942.0,801.0,56,66.78,C50/60
116,251.4,0.0,118.3,192.9,5.8,1043.6,754.3,3,11.98,NoClass
117,277.0,0.0,0.0,191.0,0.0,968.0,856.0,180,32.33,C25/30
118,362.6,189.0,0.0,164.9,11.6,944.7,755.8,3,35.3,C25/30
119,342.0,38.0,0.0,228.0,0.0,932.0,670.0,180,52.12,C40/50
120,156.0,178.0,187.0,221.0,7.0,854.0,614.0,28,29.41,C20/25
121,296.0,0.0,0.0,192.0,0.0,1085.0,765.0,90,29.39,C20/25
122,318.8,212.5,0.0,155.7,14.3,852.1,880.4,28,55.5,C45/55
123,289.0,134.0,0.0,195.0,6.0,924.0,760.0,28,46.24,C35/45
124,252.3,0.0,98.8,146.3,14.2,987.8,889.0,100,60.95,C50/60
125,312.7,0.0,0.0,178.1,8.0,999.7,822.2,28,25.1,C20/25
126,424.0,22.0,132.0,168.0,8.9,822.0,750.0,28,72.1,C50/60
127,159.1,186.7,0.0,175.6,11.3,989.6,788.9,28,32.77,C25/30
128,143.7,170.2,132.6,191.6,8.5,814.1,805.3,28,29.87,C20/25
129,214.9,53.8,121.9,155.6,9.6,1014.3,780.6,56,53.96,C40/50
130,203.5,305.3,0.0,203.5,0.0,963.4,630.0,7,19.54,C12/15
131,401.8,94.7,0.0,147.4,11.4,946.8,852.1,56,73.7,C50/60
132,297.2,0.0,117.5,174.8,9.5,1022.8,753.5,28,47.4,C35/45
133,516.0,0.0,0.0,162.0,8.3,801.0,802.0,28,41.37,C30/37
134,231.8,0.0,121.6,174.0,6.7,1056.4,778.5,28,33.73,C25/30
135,500.0,0.0,0.0,200.0,0.0,1125.0,613.0,28,44.09,C30/37
136,349.0,0.0,0.0,192.0,0.0,1047.0,806.0,3,14.99,NoClass
137,182.0,45.2,122.0,170.2,8.2,1059.4,780.7,14,21.5,C16/20
138,173.5,50.1,173.5,164.8,6.5,1006.2,793.5,14,33.01,C25/30
139,313.3,262.2,0.0,175.5,8.6,1046.9,611.8,56,64.9,C50/60
140,212.6,0.0,100.4,159.4,10.4,1003.8,903.8,14,25.37,C20/25
141,374.0,189.2,0.0,170.1,10.1,926.1,756.7,91,64.9,C50/60
142,213.7,98.1,24.5,181.7,6.9,1065.8,785.4,28,45.71,C35/45
143,167.4,129.9,128.6,175.5,7.8,1006.3,746.6,56,51.72,C40/50
144,154.8,0.0,142.8,193.3,9.1,1047.4,696.7,28,12.46,NoClass
145,145.4,0.0,178.9,201.7,7.8,824.0,868.7,28,10.54,NoClass
146,310.0,142.8,0.0,167.9,10.0,914.3,804.0,28,45.3,C35/45
147,480.0,0.0,0.0,192.0,0.0,936.0,721.0,28,43.89,C30/37
148,389.9,189.0,0.0,145.9,22.0,944.7,755.8,28,74.5,C50/60
149,250.0,0.0,95.7,191.8,5.3,948.9,857.2,14,24.66,C16/20
150,251.4,0.0,118.3,192.9,5.8,1043.6,754.3,28,33.27,C25/30
151,162.0,190.0,148.0,179.0,19.0,838.0,741.0,28,33.76,C25/30
152,359.0,19.0,141.0,154.0,10.9,942.0,801.0,28,62.94,C50/60
153,304.8,0.0,99.6,196.0,9.8,959.4,705.2,28,30.12,C25/30
154,326.0,0.0,138.0,199.0,11.0,801.0,792.0,28,40.68,C30/37
155,194.7,0.0,100.5,170.2,7.5,998.0,901.8,14,24.28,C16/20
156,135.0,105.0,193.0,196.0,6.0,965.0,643.0,28,21.91,C16/20
157,173.0,116.0,0.0,192.0,0.0,946.8,856.8,28,24.28,C16/20
158,322.0,0.0,0.0,203.0,0.0,974.0,800.0,180,29.59,C20/25
159,214.9,53.8,121.9,155.6,9.6,1014.3,780.6,28,52.2,C40/50
160,141.3,212.0,0.0,203.5,0.0,971.8,748.5,90,39.66,C30/37
161,356.0,0.0,142.0,193.0,11.0,801.0,778.0,28,40.87,C30/37
162,387.0,20.0,94.0,157.0,11.6,938.0,845.0,3,34.77,C25/30
163,272.8,181.9,0.0,185.7,0.0,1012.4,714.3,7,19.77,C12/15
164,251.4,0.0,118.3,188.5,6.4,1028.4,757.7,28,32.66,C25/30
165,277.0,0.0,0.0,191.0,0.0,968.0,856.0,90,31.25,C25/30
166,213.8,98.1,24.5,181.7,6.7,1066.0,785.5,28,40.23,C30/37
167,380.0,0.0,0.0,228.0,0.0,932.0,670.0,90,52.91,C40/50
168,251.4,0.0,118.3,192.9,5.8,1043.6,754.3,56,39.27,C30/37
169,250.0,0.0,0.0,182.0,0.0,1100.0,820.0,7,12.73,NoClass
170,305.3,203.5,0.0,203.5,0.0,965.4,631.0,3,14.14,NoClass
171,164.0,163.0,128.0,197.0,8.0,961.0,641.0,28,27.23,C20/25
172,326.0,166.0,0.0,174.0,9.0,882.0,790.0,28,61.23,C50/60
173,446.0,24.0,79.0,162.0,11.6,967.0,712.0,56,55.25,C45/55
174,266.2,112.3,87.5,177.9,10.4,909.7,744.5,28,39.42,C30/37
175,279.8,128.9,100.4,172.4,9.5,825.1,804.9,28,52.83,C40/50
176,210.7,316.1,0.0,185.7,0.0,977.0,689.3,7,21.82,C16/20
177,439.0,177.0,0.0,186.0,11.1,884.9,707.9,7,56.1,C45/55
178,333.0,0.0,0.0,192.0,0.0,931.2,842.6,28,31.97,C25/30
179,143.0,169.4,142.7,190.7,8.4,967.4,643.5,28,29.73,C20/25
180,333.0,0.0,0.0,192.0,0.0,931.2,842.6,3,15.62,C12/15
181,480.0,0.0,0.0,192.0,0.0,936.2,712.2,90,54.32,C40/50
182,136.0,196.0,98.0,199.0,6.0,847.0,783.0,28,26.97,C20/25
183,520.0,0.0,0.0,175.0,5.2,870.0,805.0,28,51.02,C40/50
184,144.8,0.0,133.6,180.8,11.1,979.5,811.5,28,13.2,NoClass
185,300.0,0.0,0.0,184.0,0.0,1075.0,795.0,28,26.85,C20/25
186,225.0,0.0,0.0,181.0,0.0,1113.0,833.0,28,17.34,C12/15
187,298.0,0.0,107.0,210.0,11.0,880.0,744.0,28,31.87,C25/30
188,229.7,0.0,118.2,195.2,6.1,1028.1,757.6,14,22.32,C16/20
189,313.0,0.0,113.0,178.0,8.0,1002.0,689.0,28,36.8,C25/30
190,339.0,0.0,0.0,197.0,0.0,968.0,781.0,28,32.04,C25/30
191,337.9,189.0,0.0,174.9,9.5,944.7,755.8,7,35.1,C25/30
192,166.0,260.0,0.0,183.0,13.0,859.0,827.0,28,37.91,C30/37
193,379.5,151.2,0.0,153.9,15.9,1134.3,605.0,56,54.9,C40/50
194,277.1,0.0,97.4,160.6,11.8,973.9,875.6,56,51.04,C40/50
195,172.4,13.6,172.4,156.8,4.1,1006.3,856.4,56,35.85,C25/30
196,284.0,15.0,141.0,179.0,5.5,842.0,801.0,3,13.4,NoClass
197,153.0,145.0,113.0,178.0,8.0,867.0,824.0,28,26.23,C20/25
198,102.0,153.0,0.0,192.0,0.0,887.0,942.0,28,17.28,C12/15
199,229.7,0.0,118.2,195.2,6.1,1028.1,757.6,28,24.54,C16/20
200,334.0,17.6,158.0,189.0,15.3,967.0,633.0,28,44.33,C30/37
201,500.0,0.0,0.0,140.0,4.0,966.0,853.0,28,67.57,C50/60
202,275.1,0.0,121.4,159.5,9.9,1053.6,777.5,14,38.77,C30/37
203,255.0,0.0,0.0,192.0,0.0,889.8,945.0,90,21.86,C16/20
204,148.0,175.0,0.0,171.0,2.0,1000.0,828.0,28,26.92,C20/25
205,154.0,174.0,185.0,228.0,7.0,845.0,612.0,28,24.34,C16/20
206,350.0,0.0,0.0,203.0,0.0,974.0,775.0,28,27.34,C20/25
207,275.0,0.0,0.0,183.0,0.0,1088.0,808.0,28,24.5,C16/20
208,446.0,24.0,79.0,162.0,11.6,967.0,712.0,28,57.03,C45/55
209,202.0,11.0,141.0,206.0,1.7,942.0,801.0,3,9.85,NoClass
210,380.0,95.0,0.0,228.0,0.0,932.0,594.0,28,36.45,C25/30
211,255.5,170.3,0.0,185.7,0.0,1026.6,724.3,28,32.05,C25/30
212,213.7,98.1,24.5,181.7,6.9,1065.8,785.4,14,30.39,C25/30
213,158.8,238.2,0.0,185.7,0.0,1040.6,734.3,7,9.62,NoClass
214,295.0,0.0,0.0,185.0,0.0,1069.0,769.0,28,25.18,C20/25
215,132.0,207.0,161.0,179.0,5.0,867.0,736.0,28,33.3,C25/30
216,173.8,93.4,159.9,172.3,9.7,1007.2,746.6,14,29.55,C20/25
217,148.5,139.4,108.6,192.7,6.1,892.4,780.0,28,23.7,C16/20
218,446.0,24.0,79.0,162.0,11.6,967.0,712.0,56,61.07,C50/60
219,425.0,106.3,0.0,151.4,18.6,936.0,803.7,7,46.8,C35/45
220,266.0,114.0,0.0,228.0,0.0,932.0,670.0,90,47.03,C35/45
221,236.0,0.0,0.0,194.0,0.0,968.0,885.0,3,6.47,NoClass
222,290.4,0.0,96.2,168.1,9.4,961.2,865.0,14,34.67,C25/30
223,190.7,0.0,125.4,162.1,7.8,1090.0,804.0,3,15.04,C12/15
224,525.0,0.0,0.0,189.0,0.0,1125.0,613.0,270,67.11,C50/60
225,362.6,189.0,0.0,164.9,11.6,944.7,755.8,91,79.3,C50/60
226,310.0,143.0,0.0,168.0,10.0,914.0,804.0,28,45.3,C35/45
227,325.6,166.4,0.0,174.0,8.9,881.6,790.0,28,61.24,C50/60
228,181.4,0.0,167.0,169.6,7.6,1055.6,777.8,3,13.62,NoClass
229,385.0,0.0,0.0,186.0,0.0,966.0,763.0,14,27.92,C20/25
230,236.0,157.0,0.0,192.0,0.0,972.6,749.1,7,20.42,C16/20
231,143.8,136.3,106.2,178.1,7.5,941.5,774.3,28,26.15,C20/25
232,168.9,42.2,124.3,158.3,10.8,1080.8,796.2,56,39.15,C30/37
233,182.0,45.2,122.0,170.2,8.2,1059.4,780.7,100,48.67,C35/45
234,150.9,0.0,183.9,166.6,11.6,991.2,772.2,28,15.57,C12/15
235,323.7,282.8,0.0,183.8,10.3,942.7,659.9,3,28.3,C20/25
236,332.5,142.5,0.0,228.0,0.0,932.0,594.0,90,37.72,C30/37
237,380.0,95.0,0.0,228.0,0.0,932.0,594.0,365,43.7,C30/37
238,385.0,0.0,136.0,158.0,20.0,903.0,768.0,28,55.55,C45/55
239,212.5,0.0,100.4,159.3,8.7,1007.8,903.6,56,42.55,C30/37
240,349.0,0.0,0.0,192.0,0.0,1056.0,809.0,120,40.86,C30/37
241,236.9,91.7,71.5,246.9,6.0,852.9,695.4,28,28.63,C20/25
242,155.0,183.0,0.0,193.0,9.0,877.0,868.0,28,23.79,C16/20
243,310.0,0.0,0.0,192.0,0.0,1012.0,830.0,90,35.76,C25/30
244,250.0,180.0,95.0,159.0,9.5,860.0,800.0,28,67.87,C50/60
245,491.0,26.0,123.0,201.0,3.9,822.0,699.0,7,37.92,C30/37
246,250.0,0.0,95.7,191.8,5.3,948.9,857.2,28,27.22,C20/25
247,540.0,0.0,0.0,173.0,0.0,1125.0,613.0,7,52.61,C40/50
248,313.3,145.0,0.0,178.5,8.0,1001.9,688.7,28,41.05,C30/37
249,380.0,95.0,0.0,228.0,0.0,932.0,594.0,180,40.76,C30/37
250,375.0,93.8,0.0,126.6,23.4,852.1,992.6,28,56.7,C45/55
251,249.1,0.0,98.8,158.1,12.8,987.8,889.0,3,15.36,C12/15
252,540.0,0.0,0.0,162.0,2.5,1055.0,676.0,28,61.89,C50/60
253,389.9,189.0,0.0,145.9,22.0,944.7,755.8,3,40.6,C30/37
254,149.0,153.0,194.0,192.0,8.0,935.0,623.0,28,24.58,C16/20
255,310.0,0.0,0.0,192.0,0.0,971.0,850.6,3,9.87,NoClass
256,332.5,142.5,0.0,228.0,0.0,932.0,594.0,180,39.78,C30/37
257,190.3,0.0,125.2,166.6,9.9,1079.0,798.9,56,31.72,C25/30
258,222.4,0.0,96.7,189.3,4.5,967.1,870.3,56,29.45,C20/25
259,133.0,210.0,0.0,196.0,3.0,949.0,795.0,28,31.03,C25/30
260,290.2,193.5,0.0,185.7,0.0,998.2,704.3,7,21.86,C16/20
261,298.0,0.0,107.0,164.0,13.0,953.0,784.0,28,35.86,C25/30
262,159.0,187.0,0.0,176.0,11.0,990.0,789.0,28,32.76,C25/30
263,387.0,20.0,94.0,157.0,14.3,938.0,845.0,7,36.84,C25/30
264,424.0,22.0,132.0,168.0,8.9,822.0,750.0,7,40.29,C30/37
265,382.5,0.0,0.0,185.7,0.0,1047.8,739.3,28,37.44,C30/37
266,446.0,24.0,79.0,162.0,11.6,967.0,712.0,28,44.42,C30/37
267,250.0,0.0,95.7,187.4,5.5,956.9,861.2,28,29.22,C20/25
268,337.9,189.0,0.0,174.9,9.5,944.7,755.8,3,24.1,C16/20
269,181.9,272.8,0.0,185.7,0.0,1012.4,714.3,28,27.94,C20/25
270,239.6,359.4,0.0,185.7,0.0,941.6,664.3,28,39.44,C30/37
271,252.5,0.0,0.0,185.7,0.0,1111.6,784.3,28,19.77,C12/15
272,277.2,97.8,24.5,160.7,11.2,1061.7,782.5,14,47.71,C35/45
273,307.0,0.0,0.0,193.0,0.0,968.0,812.0,3,12.54,NoClass
274,393.0,0.0,0.0,192.0,0.0,940.6,785.6,90,48.85,C35/45
275,275.1,0.0,121.4,159.5,9.9,1053.6,777.5,100,58.61,C45/55
276,155.0,0.0,143.0,193.0,9.0,1047.0,697.0,28,12.46,NoClass
277,427.5,47.5,0.0,228.0,0.0,932.0,594.0,180,41.84,C30/37
278,236.0,0.0,0.0,193.0,0.0,968.0,885.0,180,24.1,C16/20
279,265.0,111.0,86.0,195.0,6.0,833.0,790.0,28,41.54,C30/37
280,213.7,0.0,174.7,154.8,10.2,1053.5,776.4,100,50.08,C40/50
281,299.8,0.0,119.8,211.5,9.9,878.2,727.6,28,23.84,C16/20
282,246.8,0.0,125.1,143.3,12.0,1086.8,800.9,100,66.42,C50/60
283,194.7,0.0,100.5,170.2,7.5,998.0,901.8,100,44.28,C30/37
284,362.6,189.0,0.0,164.9,11.6,944.7,755.8,28,71.3,C50/60
285,233.8,0.0,94.6,197.9,4.6,947.0,852.2,14,22.14,C16/20
286,313.0,145.0,0.0,178.0,8.0,867.0,824.0,28,44.39,C30/37
287,284.0,15.0,141.0,179.0,5.5,842.0,801.0,28,43.73,C30/37
288,139.6,209.4,0.0,192.0,0.0,1047.0,806.9,360,44.7,C30/37
289,387.0,20.0,94.0,157.0,13.9,938.0,845.0,28,46.68,C35/45
290,380.0,95.0,0.0,228.0,0.0,932.0,594.0,90,40.56,C30/37
291,252.0,0.0,0.0,186.0,0.0,1111.0,784.0,7,11.47,NoClass
292,255.0,0.0,0.0,192.0,0.0,889.8,945.0,28,18.75,C12/15
293,259.9,100.6,78.4,170.6,10.4,935.7,762.9,28,49.77,C35/45
294,246.8,0.0,125.1,143.3,12.0,1086.8,800.9,56,60.32,C50/60
295,152.0,0.0,112.0,184.0,8.0,992.0,816.0,28,12.18,NoClass
296,190.3,0.0,125.2,166.6,9.9,1079.0,798.9,28,24.85,C16/20
297,164.6,0.0,150.4,181.6,11.7,1023.3,728.9,28,18.03,C12/15
298,382.0,0.0,0.0,186.0,0.0,1111.0,784.0,7,11.47,NoClass
299,522.0,0.0,0.0,146.0,0.0,896.0,896.0,7,50.51,C40/50
300,143.6,0.0,174.9,158.4,17.9,942.7,844.5,28,15.42,C12/15
301,198.6,132.4,0.0,192.0,0.0,978.4,825.5,7,14.64,NoClass
302,153.0,145.0,0.0,178.0,8.0,1000.0,822.0,28,19.01,C12/15
303,316.1,210.7,0.0,185.7,0.0,977.0,689.3,28,38.7,C30/37
304,162.0,190.1,148.1,178.8,18.8,838.1,741.4,28,33.76,C25/30
305,151.0,0.0,184.0,167.0,12.0,991.0,772.0,28,15.57,C12/15
306,213.7,98.1,24.5,181.7,6.9,1065.8,785.4,56,50.77,C40/50
307,400.0,0.0,0.0,187.0,0.0,1025.0,745.0,28,43.7,C30/37
308,540.0,0.0,0.0,173.0,0.0,1125.0,613.0,28,67.31,C50/60
309,229.7,0.0,118.2,195.2,6.1,1028.1,757.6,56,31.35,C25/30
310,237.5,237.5,0.0,228.0,0.0,932.0,594.0,270,38.41,C30/37
311,480.0,0.0,0.0,192.0,0.0,936.2,712.2,3,24.4,C16/20
312,273.0,105.0,82.0,210.0,9.0,904.0,680.0,28,37.17,C30/37
313,322.0,0.0,116.0,196.0,10.0,818.0,813.0,28,31.18,C25/30
314,339.0,0.0,0.0,197.0,0.0,968.0,781.0,3,13.22,NoClass
315,322.5,148.6,0.0,185.8,8.5,951.0,709.5,28,52.43,C40/50
316,475.0,118.8,0.0,181.1,8.9,852.1,781.5,28,68.3,C50/60
317,172.4,13.6,172.4,156.8,4.1,1006.3,856.4,3,21.29,C16/20
318,213.5,0.0,174.2,154.6,11.7,1052.3,775.5,56,51.43,C40/50
319,475.0,0.0,0.0,228.0,0.0,932.0,594.0,270,42.13,C30/37
320,362.6,189.0,0.0,164.9,11.6,944.7,755.8,91,79.3,C50/60
321,122.6,183.9,0.0,203.5,0.0,958.2,800.1,7,10.35,NoClass
322,148.1,0.0,136.6,158.1,16.1,1001.8,830.1,28,17.96,C12/15
323,139.6,209.4,0.0,192.0,0.0,1047.0,806.9,28,28.24,C20/25
324,173.5,50.1,173.5,164.8,6.5,1006.2,793.5,3,23.08,C16/20
325,339.0,0.0,0.0,197.0,0.0,968.0,781.0,14,27.04,C20/25
326,178.0,129.8,118.6,179.9,3.6,1007.3,746.8,14,34.24,C25/30
327,157.0,236.0,0.0,192.0,0.0,935.4,781.2,28,33.66,C25/30
328,305.0,0.0,100.0,196.0,10.0,959.0,705.0,28,30.12,C25/30
329,141.3,212.0,0.0,203.5,0.0,971.8,748.5,7,10.39,NoClass
330,397.0,0.0,0.0,185.7,0.0,1040.6,734.3,28,33.08,C25/30
331,246.8,0.0,125.1,143.3,12.0,1086.8,800.9,28,52.5,C40/50
332,297.2,0.0,117.5,174.8,9.5,1022.8,753.5,14,36.99,C25/30
333,316.1,210.7,0.0,185.7,0.0,977.0,689.3,7,24.44,C16/20
334,238.1,0.0,94.1,186.7,7.0,949.9,847.0,28,30.23,C25/30
335,425.0,106.3,0.0,153.5,16.5,852.1,887.1,28,60.29,C50/60
336,249.1,0.0,98.8,158.1,12.8,987.8,889.0,100,51.06,C40/50
337,145.0,116.0,119.0,184.0,5.7,833.0,880.0,28,29.16,C20/25
338,427.5,47.5,0.0,228.0,0.0,932.0,594.0,7,35.08,C25/30
339,266.0,114.0,0.0,228.0,0.0,932.0,670.0,180,48.7,C35/45
340,212.6,0.0,100.4,159.4,10.4,1003.8,903.8,28,37.4,C30/37
341,218.9,0.0,124.1,158.5,11.3,1078.7,794.9,28,30.22,C25/30
342,376.0,0.0,0.0,214.6,0.0,1003.5,762.4,14,25.62,C20/25
343,281.0,0.0,0.0,186.0,0.0,1104.0,774.0,28,22.44,C16/20
344,251.4,0.0,118.3,192.9,5.8,1043.6,754.3,100,40.15,C30/37
345,230.0,0.0,118.3,195.5,4.6,1029.4,758.6,3,10.03,NoClass
346,321.0,164.0,0.0,190.0,5.0,870.0,774.0,28,57.21,C45/55
347,275.0,0.0,0.0,183.0,0.0,1088.0,808.0,7,14.2,NoClass
348,425.0,106.3,0.0,153.5,16.5,852.1,887.1,3,33.4,C25/30
349,142.0,167.0,130.0,174.0,11.0,883.0,785.0,28,44.61,C30/37
350,321.4,0.0,127.9,182.5,11.5,870.1,779.7,28,37.27,C30/37
351,178.0,129.8,118.6,179.9,3.6,1007.3,746.8,28,39.16,C30/37
352,153.0,102.0,0.0,192.0,0.0,888.0,943.1,90,26.32,C20/25
353,272.8,105.1,81.8,209.7,9.0,904.0,679.7,28,37.17,C30/37
354,475.0,118.8,0.0,181.1,8.9,852.1,781.5,91,74.19,C50/60
355,166.0,259.7,0.0,183.2,12.7,858.8,826.8,28,37.92,C30/37
356,525.0,0.0,0.0,189.0,0.0,1125.0,613.0,14,48.4,C35/45
357,252.3,0.0,98.8,146.3,14.2,987.8,889.0,28,50.6,C40/50
358,147.8,175.1,0.0,171.2,2.2,1000.0,828.5,28,26.92,C20/25
359,230.0,0.0,118.3,195.5,4.6,1029.4,758.6,14,20.08,C16/20
360,307.0,0.0,0.0,193.0,0.0,968.0,812.0,365,36.15,C25/30
361,439.0,177.0,0.0,186.0,11.1,884.9,707.9,56,71.7,C50/60
362,300.0,0.0,0.0,184.0,0.0,1075.0,795.0,7,15.58,C12/15
363,376.0,0.0,0.0,214.6,0.0,1003.5,762.4,56,36.3,C25/30
364,280.0,129.0,100.0,172.0,9.0,825.0,805.0,28,52.82,C40/50
365,194.7,0.0,100.5,170.2,7.5,998.0,901.8,56,43.39,C30/37
366,158.0,0.0,195.0,220.0,11.0,898.0,713.0,28,8.54,NoClass
367,218.2,54.6,123.8,140.8,11.9,1075.7,792.7,28,55.51,C45/55
368,331.0,0.0,0.0,192.0,0.0,978.0,825.0,3,13.52,NoClass
369,500.0,0.0,0.0,200.0,0.0,1125.0,613.0,7,33.21,C25/30
370,296.0,0.0,0.0,192.0,0.0,1085.0,765.0,7,14.2,NoClass
371,393.0,0.0,0.0,192.0,0.0,940.0,758.0,28,39.58,C30/37
372,194.7,0.0,100.5,170.2,7.5,998.0,901.8,28,37.27,C30/37
373,190.7,0.0,125.4,162.1,7.8,1090.0,804.0,56,35.34,C25/30
374,525.0,0.0,0.0,189.0,0.0,1125.0,613.0,7,42.42,C30/37
375,331.0,0.0,0.0,192.0,0.0,978.0,825.0,360,41.24,C30/37
376,116.0,173.0,0.0,192.0,0.0,909.8,891.9,90,31.02,C25/30
377,136.4,161.6,125.8,171.6,10.4,922.6,764.4,28,29.07,C20/25
378,218.9,0.0,124.1,158.5,11.3,1078.7,794.9,100,46.23,C35/45
379,350.0,0.0,0.0,203.0,0.0,974.0,775.0,90,31.35,C25/30
380,302.0,0.0,0.0,203.0,0.0,974.0,817.0,180,26.74,C20/25
381,304.0,76.0,0.0,228.0,0.0,932.0,670.0,270,54.38,C40/50
382,349.0,0.0,0.0,192.0,0.0,1056.0,809.0,28,33.61,C25/30
383,213.5,0.0,174.2,159.2,11.7,1043.6,771.9,100,52.96,C40/50
384,310.0,0.0,0.0,192.0,0.0,1012.0,830.0,3,11.85,NoClass
385,167.0,75.4,167.0,164.0,7.9,1007.3,770.1,100,56.81,C45/55
386,393.0,0.0,0.0,192.0,0.0,940.6,785.6,7,27.74,C20/25
387,284.0,15.0,141.0,179.0,5.5,842.0,801.0,56,44.52,C30/37
388,214.9,53.8,121.9,155.6,9.6,1014.3,780.6,100,56.63,C45/55
389,145.7,172.6,0.0,181.9,3.4,985.8,816.8,28,23.74,C16/20
390,148.1,0.0,182.1,181.4,15.0,838.9,884.3,28,15.53,C12/15
391,339.2,0.0,0.0,185.7,0.0,1069.2,754.3,28,31.9,C25/30
392,266.0,114.0,0.0,228.0,0.0,932.0,670.0,28,45.85,C35/45
393,491.0,26.0,123.0,201.0,3.9,822.0,699.0,3,29.55,C20/25
394,228.0,342.1,0.0,185.7,0.0,955.8,674.3,28,39.7,C30/37
395,213.8,98.1,24.5,181.7,6.7,1066.0,785.5,3,13.18,NoClass
396,133.0,200.0,0.0,192.0,0.0,927.4,839.2,28,27.87,C20/25
397,213.7,0.0,174.7,154.8,10.2,1053.5,776.4,3,17.57,C12/15
398,289.0,133.7,0.0,194.9,5.5,924.1,760.1,28,46.25,C35/45
399,382.0,0.0,0.0,185.0,0.0,1047.0,739.0,28,37.42,C30/37
400,212.0,141.3,0.0,203.5,0.0,973.4,750.0,7,15.03,C12/15
401,446.0,24.0,79.0,162.0,11.6,967.0,712.0,3,25.02,C20/25
402,381.4,0.0,0.0,185.7,0.0,1104.6,784.3,7,14.54,NoClass
403,296.0,0.0,106.7,221.4,10.5,819.2,778.4,28,31.42,C25/30
404,362.6,189.0,0.0,164.9,11.6,944.7,755.8,28,71.3,C50/60
405,108.3,162.4,0.0,203.5,0.0,938.2,849.0,90,29.23,C20/25
406,380.0,95.0,0.0,228.0,0.0,932.0,594.0,270,41.15,C30/37
407,277.0,0.0,0.0,191.0,0.0,968.0,856.0,14,21.26,C16/20
408,182.0,45.2,122.0,170.2,8.2,1059.4,780.7,28,31.27,C25/30
409,182.0,45.2,122.0,170.2,8.2,1059.4,780.7,56,43.5,C30/37
410,237.5,237.5,0.0,228.0,0.0,932.0,594.0,180,36.25,C25/30
411,212.1,0.0,121.6,180.3,5.7,1057.6,779.3,3,12.47,NoClass
412,397.0,0.0,0.0,185.0,0.0,1040.0,734.0,28,39.09,C30/37
413,480.0,0.0,0.0,192.0,0.0,936.0,721.0,3,24.39,C16/20
414,186.2,124.1,0.0,185.7,0.0,1083.4,764.3,28,17.6,C12/15
415,297.2,0.0,117.5,174.8,9.5,1022.8,753.5,100,56.74,C45/55
416,400.0,0.0,0.0,187.0,0.0,1025.0,745.0,7,30.14,C25/30
417,336.0,0.0,0.0,182.0,3.0,986.0,817.0,28,44.86,C30/37
418,540.0,0.0,0.0,173.0,0.0,1125.0,613.0,270,74.17,C50/60
419,342.0,38.0,0.0,228.0,0.0,932.0,670.0,270,55.06,C45/55
420,540.0,0.0,0.0,173.0,0.0,1125.0,613.0,3,41.64,C30/37
421,252.1,97.1,75.6,193.8,8.3,835.5,821.4,28,33.4,C25/30
422,249.1,0.0,98.8,158.1,12.8,987.8,889.0,56,42.03,C30/37
423,116.0,173.0,0.0,192.0,0.0,909.8,891.9,7,10.09,NoClass
424,277.2,97.8,24.5,160.7,11.2,1061.7,782.5,56,66.82,C50/60
425,203.5,305.3,0.0,203.5,0.0,963.4,630.0,3,9.56,NoClass
426,401.8,94.7,0.0,147.4,11.4,946.8,852.1,28,68.5,C50/60
427,425.0,106.3,0.0,151.4,18.6,936.0,803.7,91,66.7,C50/60
428,298.1,0.0,107.5,163.6,12.8,953.2,784.0,28,35.87,C25/30
429,151.0,0.0,185.0,167.0,16.0,1074.0,678.0,28,13.46,NoClass
430,276.4,116.0,90.3,179.6,8.9,870.1,768.3,28,44.28,C30/37
431,160.0,128.0,122.0,182.0,6.4,824.0,879.0,28,39.4,C30/37
432,159.8,250.0,0.0,168.4,12.2,1049.3,688.2,28,39.46,C30/37
433,525.0,0.0,0.0,189.0,0.0,1125.0,613.0,180,61.92,C50/60
434,355.0,19.0,97.0,145.0,13.1,967.0,871.0,28,44.03,C30/37
435,168.9,42.2,124.3,158.3,10.8,1080.8,796.2,28,31.12,C25/30
436,168.9,42.2,124.3,158.3,10.8,1080.8,796.2,3,7.4,NoClass
437,289.0,0.0,0.0,192.0,0.0,913.2,895.3,7,14.6,NoClass
438,261.0,100.0,78.0,201.0,9.0,864.0,761.0,28,32.4,C25/30
439,277.1,0.0,97.4,160.6,11.8,973.9,875.6,3,23.14,C16/20
440,331.0,0.0,0.0,192.0,0.0,879.0,825.0,3,13.52,NoClass
441,425.0,106.3,0.0,153.5,16.5,852.1,887.1,28,60.29,C50/60
442,355.0,19.0,97.0,145.0,12.3,967.0,871.0,28,55.45,C45/55
443,355.9,0.0,141.6,193.3,11.0,801.4,778.4,28,40.87,C30/37
444,313.3,262.2,0.0,175.5,8.6,1046.9,611.8,3,28.8,C20/25
445,425.0,106.3,0.0,151.4,18.6,936.0,803.7,28,61.8,C50/60
446,366.0,187.0,0.0,191.3,6.6,824.3,756.9,28,65.91,C50/60
447,252.3,0.0,98.8,146.3,14.2,987.8,889.0,3,21.78,C16/20
448,505.0,0.0,60.0,195.0,0.0,1030.0,630.0,28,64.02,C50/60
449,200.0,0.0,0.0,180.0,0.0,1125.0,845.0,7,7.84,NoClass
450,164.0,0.0,200.0,181.0,13.0,849.0,846.0,28,15.09,C12/15
451,331.0,0.0,0.0,192.0,0.0,978.0,825.0,28,31.45,C25/30
452,272.8,181.9,0.0,185.7,0.0,1012.4,714.3,28,31.38,C25/30
453,155.6,243.5,0.0,180.3,10.7,1022.0,697.7,28,37.36,C30/37
454,157.0,236.0,0.0,192.0,0.0,935.4,781.2,3,9.69,NoClass
455,166.8,250.2,0.0,203.5,0.0,975.6,692.6,7,15.75,C12/15
456,237.5,237.5,0.0,228.0,0.0,932.0,594.0,90,33.12,C25/30
457,298.0,137.0,107.0,201.0,6.0,878.0,655.0,28,53.52,C40/50
458,277.1,0.0,97.4,160.6,11.8,973.9,875.6,14,41.89,C30/37
459,374.0,189.2,0.0,170.1,10.1,926.1,756.7,56,63.4,C50/60
460,277.0,116.8,91.0,190.6,7.0,946.5,665.6,28,43.58,C30/37
461,236.0,157.0,0.0,192.0,0.0,972.6,749.1,3,13.57,NoClass
462,157.0,236.0,0.0,192.0,0.0,935.4,781.2,7,16.89,C12/15
463,148.0,0.0,137.0,158.0,16.0,1002.0,830.0,28,17.95,C12/15
464,295.7,0.0,95.6,171.5,8.9,955.1,859.2,3,22.95,C16/20
465,374.0,189.2,0.0,170.1,10.1,926.1,756.7,3,34.4,C25/30
466,359.0,19.0,141.0,154.0,10.9,942.0,801.0,7,38.61,C30/37
467,173.8,93.4,159.9,172.3,9.7,1007.2,746.6,100,50.94,C40/50
468,251.8,0.0,99.9,146.1,12.4,1006.0,899.8,100,45.37,C35/45
469,212.5,0.0,100.4,159.3,8.7,1007.8,903.6,100,42.92,C30/37
470,389.9,189.0,0.0,145.9,22.0,944.7,755.8,7,59.09,C45/55
471,203.5,305.3,0.0,203.5,0.0,963.4,630.0,90,51.86,C40/50
472,307.0,0.0,0.0,193.0,0.0,968.0,812.0,28,27.53,C20/25
473,350.0,0.0,0.0,203.0,0.0,974.0,775.0,14,22.53,C16/20
474,350.0,0.0,0.0,203.0,0.0,974.0,775.0,56,29.98,C20/25
475,238.2,158.8,0.0,185.7,0.0,1040.6,734.3,7,15.69,C12/15
476,277.2,97.8,24.5,160.7,11.2,1061.7,782.5,28,63.14,C50/60
477,313.3,0.0,113.0,178.5,8.0,1001.9,688.7,28,36.8,C25/30
478,362.6,189.0,0.0,164.9,11.6,944.7,755.8,3,35.3,C25/30
479,337.9,189.0,0.0,174.9,9.5,944.7,755.8,91,67.8,C50/60
480,362.6,189.0,0.0,164.9,11.6,944.7,755.8,91,79.3,C50/60
481,475.0,118.8,0.0,181.1,8.9,852.1,781.5,56,72.3,C50/60
482,314.0,145.3,113.2,178.9,8.0,869.1,690.2,28,46.23,C35/45
483,168.9,42.2,124.3,158.3,10.8,1080.8,796.2,100,48.15,C35/45
484,374.3,0.0,0.0,190.2,6.7,1013.2,730.4,28,39.06,C30/37
485,108.3,162.4,0.0,203.5,0.0,938.2,849.0,28,20.59,C16/20
486,152.7,144.7,0.0,178.1,8.0,999.7,822.2,28,19.01,C12/15
487,491.0,26.0,123.0,201.0,3.9,822.0,699.0,56,61.86,C50/60
488,540.0,0.0,0.0,173.0,0.0,1125.0,613.0,90,69.66,C50/60
489,212.0,141.3,0.0,203.5,0.0,973.4,750.0,3,6.81,NoClass
490,286.3,200.9,0.0,144.7,11.2,1004.6,803.7,3,24.4,C16/20
491,295.7,0.0,95.6,171.5,8.9,955.1,859.2,100,52.04,C40/50
492,349.0,0.0,0.0,192.0,0.0,1047.0,806.0,90,39.49,C30/37
493,157.0,214.0,152.0,200.0,9.0,819.0,704.0,28,33.05,C25/30
494,277.0,0.0,0.0,191.0,0.0,968.0,856.0,3,11.36,NoClass
495,198.6,132.4,0.0,192.0,0.0,978.4,825.5,28,28.02,C20/25
496,273.0,0.0,90.0,199.0,11.0,931.0,762.0,28,32.24,C25/30
497,214.9,53.8,121.9,155.6,9.6,1014.3,780.6,3,18.02,C12/15
498,298.2,0.0,107.0,209.7,11.1,879.6,744.2,28,31.88,C25/30
499,194.7,0.0,100.5,165.6,7.5,1006.4,905.9,3,12.45,NoClass
500,302.0,0.0,0.0,203.0,0.0,974.0,817.0,14,18.13,C12/15
501,252.5,0.0,0.0,185.7,0.0,1111.6,784.3,7,11.48,NoClass
502,102.0,153.0,0.0,192.0,0.0,887.0,942.0,90,25.46,C20/25
503,475.0,0.0,0.0,162.0,9.5,1044.0,662.0,28,58.52,C45/55
504,401.8,94.7,0.0,147.4,11.4,946.8,852.1,3,41.1,C30/37
505,153.0,102.0,0.0,192.0,0.0,888.0,943.1,3,4.78,NoClass
506,149.0,118.0,92.0,183.0,7.0,953.0,780.0,28,23.52,C16/20
507,500.0,0.0,0.0,200.0,0.0,1125.0,613.0,270,55.16,C45/55
508,330.5,169.6,0.0,194.9,8.1,811.0,802.3,28,56.62,C45/55
509,375.0,93.8,0.0,126.6,23.4,852.1,992.6,3,29.0,C20/25
510,238.0,0.0,0.0,186.0,0.0,1119.0,789.0,7,12.05,NoClass
511,156.0,243.0,0.0,180.0,11.0,1022.0,698.0,28,37.36,C30/37
512,250.0,0.0,95.7,187.4,5.5,956.9,861.2,14,24.92,C16/20
513,331.0,0.0,0.0,192.0,0.0,1025.0,821.0,120,39.38,C30/37
514,213.8,98.1,24.5,181.7,6.7,1066.0,785.5,56,47.13,C35/45
515,469.0,117.2,0.0,137.8,32.2,852.1,840.5,56,69.3,C50/60
516,154.8,183.4,0.0,193.3,9.1,1047.4,696.7,28,18.29,C12/15
517,323.7,282.8,0.0,183.8,10.3,942.7,659.9,28,74.7,C50/60
518,238.1,0.0,0.0,185.7,0.0,1118.8,789.3,28,17.58,C12/15
519,424.0,22.0,132.0,168.0,8.9,822.0,750.0,56,74.36,C50/60
520,154.8,0.0,142.8,193.3,9.1,877.2,867.7,28,9.74,NoClass
521,157.0,236.0,0.0,192.0,0.0,935.4,781.2,90,43.38,C30/37
522,310.0,0.0,0.0,192.0,0.0,1012.0,830.0,7,17.24,C12/15
523,500.0,0.0,0.0,200.0,0.0,1125.0,613.0,90,47.22,C35/45
524,213.5,0.0,174.2,159.2,11.7,1043.6,771.9,28,44.64,C30/37
525,446.0,24.0,79.0,162.0,11.6,967.0,712.0,3,23.35,C16/20
526,393.0,0.0,0.0,192.0,0.0,940.6,785.6,28,39.6,C30/37
527,469.0,117.2,0.0,137.8,32.2,852.1,840.5,91,70.7,C50/60
528,531.3,0.0,0.0,141.8,28.2,852.1,893.7,56,58.8,C45/55
529,182.0,45.2,122.0,170.2,8.2,1059.4,780.7,3,7.32,NoClass
530,304.0,76.0,0.0,228.0,0.0,932.0,670.0,28,47.81,C35/45
531,520.0,0.0,0.0,170.0,5.2,855.0,855.0,28,60.28,C50/60
532,133.1,210.2,0.0,195.7,3.1,949.4,795.3,28,28.94,C20/25
533,425.0,106.3,0.0,153.5,16.5,852.1,887.1,3,33.4,C25/30
534,160.0,188.0,146.0,203.0,11.0,829.0,710.0,28,32.84,C25/30
535,167.0,75.4,167.0,164.0,7.9,1007.3,770.1,56,53.46,C40/50
536,190.0,190.0,0.0,228.0,0.0,932.0,670.0,365,53.69,C40/50
537,213.7,0.0,174.7,154.8,10.2,1053.5,776.4,28,40.15,C30/37
538,167.4,129.9,128.6,175.5,7.8,1006.3,746.6,28,41.2,C30/37
539,500.1,0.0,0.0,200.0,3.0,1124.4,613.2,28,44.13,C30/37
540,200.0,133.0,0.0,192.0,0.0,965.4,806.2,3,11.41,NoClass
541,310.0,143.0,111.0,168.0,22.0,914.0,651.0,28,33.69,C25/30
542,236.0,157.0,0.0,192.0,0.0,972.6,749.1,28,32.88,C25/30
543,281.0,0.0,0.0,186.0,0.0,1104.0,774.0,7,14.5,NoClass
544,290.2,193.5,0.0,185.7,0.0,998.2,704.3,28,33.04,C25/30
545,331.0,0.0,0.0,192.0,0.0,978.0,825.0,180,39.0,C30/37
546,451.0,0.0,0.0,165.0,11.3,1030.0,745.0,28,78.8,C50/60
547,198.6,132.4,0.0,192.0,0.0,978.4,825.5,3,9.13,NoClass
548,238.1,0.0,94.1,186.7,7.0,949.9,847.0,14,25.69,C20/25
549,193.5,290.2,0.0,185.7,0.0,998.2,704.3,28,32.63,C25/30
550,339.0,0.0,0.0,197.0,0.0,968.0,781.0,365,38.89,C30/37
551,213.5,0.0,174.2,154.6,11.7,1052.3,775.5,3,17.37,C12/15
552,305.3,203.5,0.0,203.5,0.0,965.4,631.0,7,25.89,C20/25
553,190.3,0.0,125.2,166.6,9.9,1079.0,798.9,3,12.55,NoClass
554,192.0,288.0,0.0,192.0,0.0,929.8,716.1,7,21.48,C16/20
555,446.0,24.0,79.0,162.0,11.6,967.0,712.0,28,51.02,C40/50
556,339.0,0.0,0.0,185.0,0.0,1069.0,754.0,7,21.16,C16/20
557,337.9,189.0,0.0,174.9,9.5,944.7,755.8,28,49.9,C35/45
558,349.0,0.0,0.0,192.0,0.0,1047.0,806.0,7,18.13,C12/15
559,166.1,0.0,163.3,176.5,4.5,1058.6,780.1,100,33.54,C25/30
560,166.1,0.0,163.3,176.5,4.5,1058.6,780.1,14,25.48,C20/25
561,332.5,142.5,0.0,228.0,0.0,932.0,594.0,7,30.28,C25/30
562,307.0,0.0,0.0,193.0,0.0,968.0,812.0,180,34.49,C25/30
563,190.3,0.0,125.2,166.6,9.9,1079.0,798.9,100,33.56,C25/30
564,287.0,121.0,94.0,188.0,9.0,904.0,696.0,28,41.94,C30/37
565,359.0,19.0,141.0,154.0,10.9,942.0,801.0,28,59.49,C45/55
566,139.6,209.4,0.0,192.0,0.0,1047.0,806.9,90,39.36,C30/37
567,393.0,0.0,0.0,192.0,0.0,940.0,758.0,3,19.11,C12/15
568,213.5,0.0,174.2,159.2,11.7,1043.6,771.9,14,29.59,C20/25
569,439.0,177.0,0.0,186.0,11.1,884.9,707.9,3,39.3,C30/37
570,387.0,20.0,94.0,157.0,14.3,938.0,845.0,28,50.24,C40/50
571,310.0,0.0,0.0,192.0,0.0,970.0,850.0,180,37.33,C30/37
572,150.0,236.8,0.0,173.8,11.9,1069.3,674.8,28,37.43,C30/37
573,173.8,93.4,159.9,172.3,9.7,1007.2,746.6,28,37.81,C30/37
574,229.7,0.0,118.2,195.2,6.1,1028.1,757.6,100,40.86,C30/37
575,193.5,290.2,0.0,185.7,0.0,998.2,704.3,7,17.2,C12/15
576,181.4,0.0,167.0,169.6,7.6,1055.6,777.8,28,27.77,C20/25
577,525.0,0.0,0.0,189.0,0.0,1125.0,613.0,90,58.78,C45/55
578,349.0,0.0,0.0,192.0,0.0,1056.0,809.0,90,40.66,C30/37
579,254.0,0.0,0.0,198.0,0.0,968.0,863.0,180,27.63,C20/25
580,168.9,42.2,124.3,158.3,10.8,1080.8,796.2,14,23.51,C16/20
581,222.4,0.0,96.7,189.3,4.5,967.1,870.3,28,24.89,C16/20
582,200.0,0.0,0.0,180.0,0.0,1125.0,845.0,28,12.25,NoClass
583,469.0,117.2,0.0,137.8,32.2,852.1,840.5,28,66.9,C50/60
584,149.0,139.0,109.0,193.0,6.0,892.0,780.0,28,23.69,C16/20
585,102.0,153.0,0.0,192.0,0.0,887.0,942.0,7,7.68,NoClass
586,212.6,0.0,100.4,159.4,10.4,1003.8,903.8,56,44.4,C30/37
587,167.0,75.4,167.0,164.0,7.9,1007.3,770.1,28,41.41,C30/37
588,167.4,129.9,128.6,175.5,7.8,1006.3,746.6,3,14.94,NoClass
589,349.0,0.0,0.0,192.0,0.0,1047.0,806.0,28,32.72,C25/30
590,387.0,20.0,94.0,157.0,11.6,938.0,845.0,56,61.46,C50/60
591,284.0,15.0,141.0,179.0,5.5,842.0,801.0,7,24.13,C16/20
592,385.0,0.0,0.0,186.0,0.0,966.0,763.0,7,23.22,C16/20
593,165.0,128.5,132.1,175.1,8.1,1005.8,746.6,3,19.42,C12/15
594,165.0,0.0,143.6,163.8,0.0,1005.6,900.9,14,16.88,C12/15
595,173.8,93.4,159.9,172.3,9.7,1007.2,746.6,56,48.99,C35/45
596,525.0,0.0,0.0,189.0,0.0,1125.0,613.0,28,55.94,C45/55
597,165.0,128.5,132.1,175.1,8.1,1005.8,746.6,56,53.72,C40/50
598,194.7,0.0,100.5,165.6,7.5,1006.4,905.9,28,25.72,C20/25
599,322.0,0.0,0.0,203.0,0.0,974.0,800.0,14,20.77,C16/20
600,168.0,42.1,163.8,121.8,5.7,1058.7,780.1,28,24.24,C16/20
601,309.9,142.8,111.2,167.8,22.1,913.9,651.2,28,38.22,C30/37
602,350.0,0.0,0.0,203.0,0.0,974.0,775.0,180,32.72,C25/30
603,212.5,0.0,100.4,159.3,8.7,1007.8,903.6,28,31.64,C25/30
604,165.0,0.0,143.6,163.8,0.0,1005.6,900.9,3,14.4,NoClass
605,531.3,0.0,0.0,141.8,28.2,852.1,893.7,7,46.9,C35/45
606,251.8,0.0,99.9,146.1,12.4,1006.0,899.8,3,21.02,C16/20
607,252.0,0.0,0.0,185.0,0.0,1111.0,784.0,28,19.69,C12/15
608,469.0,117.2,0.0,137.8,32.2,852.1,840.5,3,40.2,C30/37
609,325.0,0.0,0.0,184.0,0.0,1063.0,783.0,7,17.54,C12/15
610,500.0,0.0,0.0,200.0,0.0,1125.0,613.0,14,36.94,C25/30
611,236.0,0.0,0.0,193.0,0.0,968.0,885.0,7,9.99,NoClass
612,425.0,106.3,0.0,153.5,16.5,852.1,887.1,7,49.2,C35/45
613,298.0,0.0,107.0,186.0,6.0,879.0,815.0,28,42.64,C30/37
614,388.6,97.1,0.0,157.9,12.1,852.1,925.7,91,57.6,C45/55
615,296.0,0.0,0.0,186.0,0.0,1090.0,769.0,7,18.91,C12/15
616,313.3,262.2,0.0,175.5,8.6,1046.9,611.8,7,42.8,C30/37
617,190.3,0.0,125.2,161.9,9.9,1088.1,802.6,3,9.45,NoClass
618,475.0,0.0,0.0,228.0,0.0,932.0,594.0,90,42.23,C30/37
619,153.0,239.0,0.0,200.0,6.0,1002.0,684.0,28,26.86,C20/25
620,382.0,0.0,0.0,186.0,0.0,1047.0,739.0,28,37.42,C30/37
621,237.5,237.5,0.0,228.0,0.0,932.0,594.0,28,30.08,C25/30
622,310.0,0.0,0.0,192.0,0.0,970.0,850.0,28,27.92,C20/25
623,439.0,177.0,0.0,186.0,11.1,884.9,707.9,91,73.3,C50/60
624,379.5,151.2,0.0,153.9,15.9,1134.3,605.0,91,56.5,C45/55
625,237.0,92.0,71.0,247.0,6.0,853.0,695.0,28,28.63,C20/25
626,313.3,145.0,0.0,178.5,8.0,867.2,824.0,28,40.93,C30/37
627,387.0,20.0,94.0,157.0,13.9,938.0,845.0,56,47.97,C35/45
628,491.0,26.0,123.0,210.0,3.9,882.0,699.0,7,33.49,C25/30
629,190.3,0.0,125.2,161.9,9.9,1088.1,802.6,14,22.72,C16/20
630,405.0,0.0,0.0,175.0,0.0,1120.0,695.0,28,52.3,C40/50
631,166.8,250.2,0.0,203.5,0.0,975.6,692.6,90,43.57,C30/37
632,230.0,0.0,118.3,195.5,4.6,1029.4,758.6,56,31.54,C25/30
633,350.0,0.0,0.0,186.0,0.0,1050.0,770.0,7,20.28,C16/20
634,170.3,155.5,0.0,185.7,0.0,1026.6,724.3,28,25.73,C20/25
635,379.5,151.2,0.0,153.9,15.9,1134.3,605.0,28,52.2,C40/50
636,218.2,54.6,123.8,140.8,11.9,1075.7,792.7,56,61.99,C50/60
637,178.0,129.8,118.6,179.9,3.6,1007.3,746.8,100,49.99,C35/45
638,222.4,0.0,96.7,189.3,4.5,967.1,870.3,14,24.45,C16/20
639,190.0,190.0,0.0,228.0,0.0,932.0,670.0,90,42.33,C30/37
640,540.0,0.0,0.0,162.0,2.5,1040.0,676.0,28,79.99,C50/60
641,366.0,187.0,0.0,191.0,7.0,824.0,757.0,28,65.91,C50/60
642,153.0,102.0,0.0,192.0,0.0,888.0,943.1,28,17.96,C12/15
643,446.0,24.0,79.0,162.0,11.6,967.0,712.0,3,35.36,C25/30
644,213.7,0.0,174.7,154.8,10.2,1053.5,776.4,56,46.64,C35/45
645,387.0,20.0,94.0,157.0,14.3,938.0,845.0,3,22.75,C16/20
646,149.5,236.0,0.0,175.8,12.6,846.8,892.7,28,32.96,C25/30
647,190.0,190.0,0.0,228.0,0.0,932.0,670.0,28,40.86,C30/37
648,322.2,0.0,115.6,196.0,10.4,817.9,813.4,28,31.18,C25/30
649,342.0,38.0,0.0,228.0,0.0,932.0,670.0,365,56.14,C45/55
650,304.0,76.0,0.0,228.0,0.0,932.0,670.0,365,55.26,C45/55
651,254.0,0.0,0.0,198.0,0.0,968.0,863.0,90,26.94,C20/25
652,359.0,19.0,141.0,154.0,10.9,942.0,801.0,3,25.12,C20/25
653,228.0,342.1,0.0,185.7,0.0,955.8,674.3,7,21.92,C16/20
654,231.8,0.0,121.6,174.0,6.7,1056.4,778.5,100,45.84,C35/45
655,153.0,102.0,0.0,192.0,0.0,888.0,943.1,7,8.37,NoClass
656,173.5,50.1,173.5,164.8,6.5,1006.2,793.5,28,38.2,C30/37
657,159.0,209.0,161.0,201.0,7.0,848.0,669.0,28,30.88,C25/30
658,261.9,110.5,86.1,195.4,5.0,895.2,732.6,28,33.72,C25/30
659,233.8,0.0,94.6,197.9,4.6,947.0,852.2,56,27.66,C20/25
660,251.4,0.0,118.3,188.5,5.8,1028.4,757.7,3,17.22,C12/15
661,425.0,106.3,0.0,153.5,16.5,852.1,887.1,91,65.2,C50/60
662,382.0,0.0,0.0,185.0,0.0,1047.0,739.0,7,24.0,C16/20
663,296.0,0.0,107.0,221.0,11.0,819.0,778.0,28,31.42,C25/30
664,212.0,141.3,0.0,203.5,0.0,973.4,750.0,28,33.0,C25/30
665,290.4,0.0,96.2,168.1,9.4,961.2,865.0,100,48.97,C35/45
666,153.1,145.0,113.0,178.5,8.0,1001.9,688.7,28,25.56,C20/25
667,162.0,214.0,164.0,202.0,10.0,820.0,680.0,28,30.65,C25/30
668,218.9,0.0,124.1,158.5,11.3,1078.7,794.9,3,15.34,C12/15
669,213.8,98.1,24.5,181.7,6.7,1066.0,785.5,100,49.97,C35/45
670,302.0,0.0,0.0,203.0,0.0,974.0,817.0,28,21.75,C16/20
671,251.4,0.0,118.3,188.5,6.4,1028.4,757.7,100,44.21,C30/37
672,389.9,189.0,0.0,145.9,22.0,944.7,755.8,91,82.6,C50/60
673,190.0,190.0,0.0,228.0,0.0,932.0,670.0,270,50.66,C40/50
674,356.0,119.0,0.0,160.0,9.0,1061.0,657.0,28,59.0,C45/55
675,446.0,24.0,79.0,162.0,11.6,967.0,712.0,7,52.01,C40/50
676,254.0,0.0,0.0,198.0,0.0,968.0,863.0,3,9.31,NoClass
677,262.0,111.0,86.0,195.0,5.0,895.0,733.0,28,33.72,C25/30
678,332.5,142.5,0.0,228.0,0.0,932.0,594.0,270,40.27,C30/37
679,275.1,0.0,121.4,159.5,9.9,1053.6,777.5,28,51.33,C40/50
680,385.0,0.0,0.0,186.0,0.0,966.0,763.0,1,6.27,NoClass
681,154.8,183.4,0.0,193.3,9.1,877.2,867.7,28,23.79,C16/20
682,116.0,173.0,0.0,192.0,0.0,909.8,891.9,28,22.35,C16/20
683,296.0,0.0,0.0,192.0,0.0,1085.0,765.0,28,21.65,C16/20
684,251.8,0.0,99.9,146.1,12.4,1006.0,899.8,56,44.14,C30/37
685,122.6,183.9,0.0,203.5,0.0,958.2,800.1,3,3.32,NoClass
686,251.4,0.0,118.3,192.9,5.8,1043.6,754.3,14,20.73,C16/20
687,380.0,95.0,0.0,228.0,0.0,932.0,594.0,7,32.82,C25/30
688,439.0,177.0,0.0,186.0,11.1,884.9,707.9,28,66.0,C50/60
689,144.0,0.0,175.0,158.0,18.0,943.0,844.0,28,15.42,C12/15
690,272.6,0.0,89.6,198.7,10.6,931.3,762.2,28,32.25,C25/30
691,339.0,0.0,0.0,197.0,0.0,968.0,781.0,180,36.45,C25/30
692,198.6,132.4,0.0,192.0,0.0,978.4,825.5,360,44.3,C30/37
693,277.0,0.0,0.0,191.0,0.0,968.0,856.0,28,25.97,C20/25
694,310.0,0.0,0.0,192.0,0.0,1012.0,830.0,28,27.83,C20/25
695,350.0,0.0,0.0,203.0,0.0,974.0,775.0,7,18.13,C12/15
696,425.0,106.3,0.0,153.5,16.5,852.1,887.1,56,64.3,C50/60
697,284.0,120.0,0.0,168.0,7.0,970.0,794.0,28,40.93,C30/37
698,250.0,0.0,95.7,191.8,5.3,948.9,857.2,3,8.49,NoClass
699,150.0,237.0,0.0,174.0,12.0,1069.0,675.0,28,37.43,C30/37
700,146.0,230.0,0.0,202.0,3.0,827.0,872.0,28,33.06,C25/30
701,192.0,288.0,0.0,192.0,0.0,929.8,716.1,28,39.32,C30/37
702,528.0,0.0,0.0,185.0,6.9,920.0,720.0,28,56.83,C45/55
703,362.6,189.0,0.0,164.9,11.6,944.7,755.8,3,35.3,C25/30
704,374.0,189.2,0.0,170.1,10.1,926.1,756.7,7,46.2,C35/45
705,166.8,250.2,0.0,203.5,0.0,975.6,692.6,3,6.9,NoClass
706,424.0,22.0,132.0,178.0,8.5,822.0,750.0,28,62.05,C50/60
707,277.0,117.0,91.0,191.0,7.0,946.0,666.0,28,43.57,C30/37
708,295.8,0.0,0.0,185.7,0.0,1091.4,769.3,28,25.22,C20/25
709,251.8,0.0,99.9,146.1,12.4,1006.0,899.8,28,33.94,C25/30
710,155.0,183.0,0.0,193.0,9.0,1047.0,697.0,28,18.28,C12/15
711,168.0,42.1,163.8,121.8,5.7,1058.7,780.1,100,39.23,C30/37
712,166.8,250.2,0.0,203.5,0.0,975.6,692.6,28,33.95,C25/30
713,251.4,0.0,118.3,188.5,6.4,1028.4,757.7,14,24.43,C16/20
714,540.0,0.0,0.0,173.0,0.0,1125.0,613.0,14,59.76,C45/55
715,298.1,0.0,107.0,186.4,6.1,879.0,815.2,28,42.64,C30/37
716,339.0,0.0,0.0,185.0,0.0,1060.0,754.0,28,31.65,C25/30
717,304.0,76.0,0.0,228.0,0.0,932.0,670.0,90,49.19,C35/45
718,213.5,0.0,174.2,154.6,11.7,1052.3,775.5,14,33.7,C25/30
719,531.3,0.0,0.0,141.8,28.2,852.1,893.7,3,41.3,C30/37
720,349.0,0.0,0.0,192.0,0.0,1047.0,806.0,360,42.13,C30/37
721,318.8,212.5,0.0,155.7,14.3,852.1,880.4,91,68.1,C50/60
722,362.6,189.0,0.0,164.9,11.6,944.7,755.8,28,71.3,C50/60
723,322.0,0.0,0.0,203.0,0.0,974.0,800.0,28,25.18,C20/25
724,212.0,0.0,124.8,159.0,7.8,1085.4,799.5,3,19.52,C12/15
725,446.0,24.0,79.0,162.0,11.6,967.0,712.0,7,38.02,C30/37
726,252.0,0.0,0.0,185.0,0.0,1111.0,784.0,28,19.69,C12/15
727,238.2,158.8,0.0,185.7,0.0,1040.6,734.3,28,26.91,C20/25
728,148.0,0.0,182.0,181.0,15.0,839.0,884.0,28,15.52,C12/15
729,158.8,238.2,0.0,185.7,0.0,1040.6,734.3,28,21.07,C16/20
730,165.0,0.0,150.0,182.0,12.0,1023.0,729.0,28,18.03,C12/15
731,251.8,0.0,99.9,146.1,12.4,1006.0,899.8,14,33.36,C25/30
732,190.3,0.0,125.2,161.9,9.9,1088.1,802.6,28,28.47,C20/25
733,446.0,24.0,79.0,162.0,11.6,967.0,712.0,56,56.14,C45/55
734,168.0,42.1,163.8,121.8,5.7,1058.7,780.1,14,17.82,C12/15
735,374.0,189.2,0.0,170.1,10.1,926.1,756.7,28,61.09,C50/60
736,173.8,93.4,159.9,172.3,9.7,1007.2,746.6,3,15.82,C12/15
737,500.0,0.0,0.0,200.0,0.0,1125.0,613.0,180,51.04,C40/50
738,288.0,192.0,0.0,192.0,0.0,932.0,717.8,3,16.11,C12/15
739,375.0,93.8,0.0,126.6,23.4,852.1,992.6,56,60.2,C50/60
740,313.0,145.0,0.0,178.0,8.0,1002.0,689.0,28,41.05,C30/37
741,312.9,160.5,0.0,177.6,9.6,916.6,759.5,28,52.45,C40/50
742,203.5,135.7,0.0,185.7,0.0,1076.2,759.3,28,22.63,C16/20
743,315.0,137.0,0.0,145.0,5.9,1130.0,745.0,28,81.75,C50/60
744,122.6,183.9,0.0,203.5,0.0,958.2,800.1,28,24.29,C16/20
745,475.0,0.0,0.0,228.0,0.0,932.0,594.0,365,41.93,C30/37
746,387.0,20.0,94.0,157.0,11.6,938.0,845.0,7,41.67,C30/37
747,212.6,0.0,100.4,159.4,10.4,1003.8,903.8,100,47.74,C35/45
748,427.5,47.5,0.0,228.0,0.0,932.0,594.0,90,41.54,C30/37
749,314.0,0.0,113.0,170.0,10.0,925.0,783.0,28,38.46,C30/37
750,289.0,0.0,0.0,192.0,0.0,913.2,895.3,90,32.07,C25/30
751,212.0,0.0,124.8,159.0,7.8,1085.4,799.5,14,31.35,C25/30
752,250.0,0.0,0.0,182.0,0.0,1100.0,820.0,28,20.87,C16/20
753,318.8,212.5,0.0,155.7,14.3,852.1,880.4,3,25.2,C20/25
754,194.7,0.0,100.5,165.6,7.5,1006.4,905.9,100,37.34,C30/37
755,425.0,106.3,0.0,153.5,16.5,852.1,887.1,56,64.3,C50/60
756,313.0,0.0,0.0,178.0,8.0,1000.0,822.0,28,25.1,C20/25
757,218.2,54.6,123.8,140.8,11.9,1075.7,792.7,100,63.53,C50/60
758,277.2,97.8,24.5,160.7,11.2,1061.7,782.5,3,30.45,C25/30
759,143.0,169.0,143.0,191.0,8.0,967.0,643.0,28,29.72,C20/25
760,237.5,237.5,0.0,228.0,0.0,932.0,594.0,7,26.26,C20/25
761,194.7,0.0,100.5,165.6,7.5,1006.4,905.9,56,33.96,C25/30
762,190.3,0.0,125.2,166.6,9.9,1079.0,798.9,14,19.42,C12/15
763,322.0,149.0,0.0,186.0,8.0,951.0,709.0,28,52.42,C40/50
764,295.7,0.0,95.6,171.5,8.9,955.1,859.2,28,39.94,C30/37
765,276.0,116.0,90.0,180.0,9.0,870.0,768.0,28,44.28,C30/37
766,450.1,50.0,0.0,200.0,3.0,1124.4,613.2,28,39.38,C30/37
767,222.4,0.0,96.7,189.3,4.5,967.1,870.3,100,40.71,C30/37
768,200.0,200.0,0.0,190.0,0.0,1145.0,660.0,28,49.25,C35/45
769,152.6,238.7,0.0,200.0,6.3,1001.8,683.9,28,26.86,C20/25
770,312.7,144.7,0.0,127.3,8.0,999.7,822.2,28,44.52,C30/37
771,173.0,116.0,0.0,192.0,0.0,946.8,856.8,90,32.1,C25/30
772,285.0,190.0,0.0,163.0,7.6,1031.0,685.0,28,53.58,C40/50
773,424.0,22.0,132.0,178.0,8.5,822.0,750.0,56,65.7,C50/60
774,376.0,0.0,0.0,214.6,0.0,1003.5,762.4,28,31.97,C25/30
775,359.0,19.0,141.0,154.0,10.9,942.0,801.0,56,68.75,C50/60
776,425.0,106.3,0.0,153.5,16.5,852.1,887.1,28,60.29,C50/60
777,165.0,128.5,132.1,175.1,8.1,1005.8,746.6,14,33.09,C25/30
778,183.9,122.6,0.0,203.5,0.0,959.2,800.0,90,32.53,C25/30
779,255.0,0.0,0.0,192.0,0.0,889.8,945.0,7,10.22,NoClass
780,141.9,166.6,129.7,173.5,10.9,882.6,785.3,28,44.61,C30/37
781,254.0,0.0,0.0,198.0,0.0,968.0,863.0,365,29.79,C20/25
782,238.1,0.0,94.1,186.7,7.0,949.9,847.0,3,19.93,C12/15
783,252.0,0.0,0.0,185.0,0.0,1111.0,784.0,7,13.71,NoClass
784,251.4,0.0,118.3,188.5,5.8,1028.4,757.7,56,36.97,C25/30
785,362.6,189.0,0.0,164.9,11.6,944.7,755.8,56,77.3,C50/60
786,425.0,106.3,0.0,153.5,16.5,852.1,887.1,56,64.3,C50/60
787,388.6,97.1,0.0,157.9,12.1,852.1,925.7,28,50.7,C40/50
788,385.0,0.0,0.0,186.0,0.0,966.0,763.0,3,14.7,NoClass
789,266.0,114.0,0.0,228.0,0.0,932.0,670.0,270,51.73,C40/50
790,307.0,0.0,0.0,193.0,0.0,968.0,812.0,90,32.92,C25/30
791,250.0,0.0,95.7,187.4,5.5,956.9,861.2,3,13.82,NoClass
792,212.0,141.3,0.0,203.5,0.0,973.4,750.0,90,39.7,C30/37
793,173.0,116.0,0.0,192.0,0.0,946.8,856.8,7,11.39,NoClass
794,310.0,0.0,0.0,192.0,0.0,970.0,850.0,360,38.11,C30/37
795,380.0,0.0,0.0,228.0,0.0,932.0,670.0,180,53.1,C40/50
796,362.6,189.0,0.0,164.9,11.6,944.7,755.8,91,79.3,C50/60
797,388.6,97.1,0.0,157.9,12.1,852.1,925.7,7,34.9,C25/30
798,295.8,0.0,0.0,185.7,0.0,1091.4,769.3,7,14.84,NoClass
799,255.5,170.3,0.0,185.7,0.0,1026.6,724.3,7,17.24,C12/15
800,380.0,0.0,0.0,228.0,0.0,932.0,670.0,365,52.52,C40/50
801,212.6,0.0,100.4,159.4,10.4,1003.8,903.8,3,13.33,NoClass
802,359.0,19.0,141.0,154.0,10.9,942.0,801.0,3,23.64,C16/20
803,133.0,200.0,0.0,192.0,0.0,927.4,839.2,7,13.66,NoClass
804,251.4,0.0,118.3,188.5,5.8,1028.4,757.7,14,29.93,C20/25
805,225.0,0.0,0.0,181.0,0.0,1113.0,833.0,7,11.17,NoClass
806,297.8,137.2,106.9,201.3,6.0,878.4,655.3,28,53.52,C40/50
807,387.0,20.0,94.0,157.0,11.6,938.0,845.0,28,46.68,C35/45
808,321.0,0.0,128.0,182.0,11.0,870.0,780.0,28,37.26,C30/37
809,178.0,129.8,118.6,179.9,3.6,1007.3,746.8,3,20.73,C16/20
810,290.4,0.0,96.2,168.1,9.4,961.2,865.0,28,34.74,C25/30
811,135.7,203.5,0.0,185.7,0.0,1076.2,759.3,28,18.2,C12/15
812,194.7,0.0,100.5,170.2,7.5,998.0,901.8,3,12.18,NoClass
813,342.0,38.0,0.0,228.0,0.0,932.0,670.0,90,50.46,C40/50
814,250.0,0.0,95.7,191.8,5.3,948.9,857.2,100,41.16,C30/37
815,249.1,0.0,98.8,158.1,12.8,987.8,889.0,28,30.85,C25/30
816,153.0,145.0,113.0,178.0,8.0,1002.0,689.0,28,25.56,C20/25
817,286.3,200.9,0.0,144.7,11.2,1004.6,803.7,28,67.7,C50/60
818,286.3,200.9,0.0,144.7,11.2,1004.6,803.7,91,76.8,C50/60
819,160.0,250.0,0.0,168.0,12.0,1049.0,688.0,28,39.45,C30/37
820,290.4,0.0,96.2,168.1,9.4,961.2,865.0,3,22.5,C16/20
821,362.6,189.0,0.0,164.9,11.6,944.7,755.8,7,22.9,C16/20
822,313.8,0.0,112.6,169.9,10.1,925.3,782.9,28,38.46,C30/37
823,349.0,0.0,0.0,192.0,0.0,1047.0,806.9,3,15.05,C12/15
824,251.4,0.0,118.3,188.5,6.4,1028.4,757.7,3,13.12,NoClass
825,145.9,230.5,0.0,202.5,3.4,827.0,871.8,28,32.72,C25/30
826,162.0,207.0,172.0,216.0,10.0,822.0,638.0,28,39.84,C30/37
827,238.0,0.0,0.0,186.0,0.0,1119.0,789.0,28,17.54,C12/15
828,230.0,0.0,118.3,195.5,4.6,1029.4,758.6,100,35.34,C25/30
829,212.0,0.0,124.8,159.0,7.8,1085.4,799.5,28,38.5,C30/37
830,288.0,192.0,0.0,192.0,0.0,932.0,717.8,28,38.8,C30/37
831,475.0,0.0,0.0,228.0,0.0,932.0,594.0,180,42.62,C30/37
832,260.0,101.0,78.0,171.0,10.0,936.0,763.0,28,49.77,C35/45
833,531.3,0.0,0.0,141.8,28.2,852.1,893.7,91,59.2,C45/55
834,231.8,0.0,121.6,174.0,6.7,1056.4,778.5,56,42.7,C30/37
835,281.0,0.0,0.0,185.0,0.0,1104.0,774.0,28,22.44,C16/20
836,500.0,0.0,0.0,200.0,0.0,1125.0,613.0,3,26.06,C20/25
837,381.4,0.0,0.0,185.7,0.0,1104.6,784.3,28,22.49,C16/20
838,190.0,190.0,0.0,228.0,0.0,932.0,670.0,180,46.93,C35/45
839,168.0,42.1,163.8,121.8,5.7,1058.7,780.1,56,32.85,C25/30
840,192.0,288.0,0.0,192.0,0.0,929.8,716.1,90,50.73,C40/50
841,393.0,0.0,0.0,192.0,0.0,940.6,785.6,3,19.2,C12/15
842,314.0,145.0,113.0,179.0,8.0,869.0,690.0,28,46.23,C35/45
843,155.0,184.0,143.0,194.0,9.0,880.0,699.0,28,28.99,C20/25
844,387.0,20.0,94.0,157.0,14.3,938.0,845.0,56,56.34,C45/55
845,425.0,106.3,0.0,153.5,16.5,852.1,887.1,91,65.2,C50/60
846,132.0,206.5,160.9,178.9,5.5,866.9,735.6,28,33.31,C25/30
847,266.0,112.0,87.0,178.0,10.0,910.0,745.0,28,39.42,C30/37
848,491.0,26.0,123.0,210.0,3.9,882.0,699.0,3,25.61,C20/25
849,133.0,200.0,0.0,192.0,0.0,927.4,839.2,90,36.59,C25/30
850,480.0,0.0,0.0,192.0,0.0,936.2,712.2,28,43.94,C30/37
851,213.7,98.1,24.5,181.7,6.9,1065.8,785.4,3,18.0,C12/15
852,166.1,0.0,163.3,176.5,4.5,1058.6,780.1,56,28.63,C20/25
853,200.0,133.0,0.0,192.0,0.0,965.4,806.2,7,17.17,C12/15
854,313.3,262.2,0.0,175.5,8.6,1046.9,611.8,91,66.6,C50/60
855,250.2,166.8,0.0,203.5,0.0,977.6,694.1,3,9.73,NoClass
856,288.0,121.0,0.0,177.0,7.0,908.0,829.0,28,42.13,C30/37
857,167.0,187.0,195.0,185.0,7.0,898.0,636.0,28,23.89,C16/20
858,427.5,47.5,0.0,228.0,0.0,932.0,594.0,365,43.7,C30/37
859,212.0,0.0,124.8,159.0,7.8,1085.4,799.5,100,47.82,C35/45
860,236.0,0.0,0.0,194.0,0.0,968.0,885.0,28,18.42,C12/15
861,349.0,0.0,0.0,192.0,0.0,1056.0,809.0,3,15.87,C12/15
862,144.0,15.0,195.0,176.0,6.0,1021.0,709.0,28,15.34,C12/15
863,387.0,20.0,94.0,157.0,13.9,938.0,845.0,7,45.9,C35/45
864,250.2,166.8,0.0,203.5,0.0,977.6,694.1,28,36.96,C25/30
865,102.0,153.0,0.0,192.0,0.0,887.0,942.0,3,4.57,NoClass
866,236.0,0.0,0.0,194.0,0.0,968.0,885.0,14,12.84,NoClass
867,139.7,163.9,127.7,236.7,5.8,868.6,655.6,28,35.23,C25/30
868,213.7,0.0,174.7,154.8,10.2,1053.5,776.4,14,33.73,C25/30
869,313.3,262.2,0.0,175.5,8.6,1046.9,611.8,28,59.8,C45/55
870,166.1,0.0,163.3,176.5,4.5,1058.6,780.1,3,10.76,NoClass
871,336.5,0.0,0.0,181.9,3.4,985.8,816.8,28,44.87,C30/37
872,166.1,0.0,163.3,176.5,4.5,1058.6,780.1,28,21.54,C16/20
873,323.7,282.8,0.0,183.8,10.3,942.7,659.9,7,49.8,C35/45
874,264.5,111.0,86.5,195.5,5.9,832.6,790.4,28,41.54,C30/37
875,333.0,0.0,0.0,192.0,0.0,931.2,842.6,7,23.4,C16/20
876,260.9,100.5,78.3,200.6,8.6,864.5,761.5,28,32.4,C25/30
877,116.0,173.0,0.0,192.0,0.0,909.8,891.9,3,6.28,NoClass
878,183.9,122.6,0.0,203.5,0.0,959.2,800.0,3,4.9,NoClass
879,165.0,0.0,143.6,163.8,0.0,1005.6,900.9,56,36.56,C25/30
880,212.1,0.0,121.6,180.3,5.7,1057.6,779.3,14,20.92,C16/20
881,141.3,212.0,0.0,203.5,0.0,971.8,748.5,3,4.83,NoClass
882,158.4,0.0,194.9,219.7,11.0,897.7,712.9,28,8.54,NoClass
883,165.0,128.5,132.1,175.1,8.1,1005.8,746.6,28,46.39,C35/45
884,151.8,178.1,138.7,167.5,18.3,944.0,694.6,28,36.35,C25/30
885,310.0,0.0,0.0,192.0,0.0,970.0,850.0,90,34.68,C25/30
886,190.7,0.0,125.4,162.1,7.8,1090.0,804.0,14,21.06,C16/20
887,362.6,189.0,0.0,164.9,11.6,944.7,755.8,7,55.9,C45/55
888,139.6,209.4,0.0,192.0,0.0,1047.0,806.9,3,8.06,NoClass
889,181.4,0.0,167.0,169.6,7.6,1055.6,777.8,14,21.6,C16/20
890,172.4,13.6,172.4,156.8,4.1,1006.3,856.4,100,37.68,C30/37
891,140.0,133.0,103.0,200.0,7.0,916.0,753.0,28,36.44,C25/30
892,475.0,0.0,59.0,142.0,1.9,1098.0,641.0,28,57.23,C45/55
893,540.0,0.0,0.0,173.0,0.0,1125.0,613.0,180,71.62,C50/60
894,331.0,170.0,0.0,195.0,8.0,811.0,802.0,28,56.61,C45/55
895,155.2,183.9,143.2,193.8,9.2,879.6,698.5,28,28.99,C20/25
896,213.5,0.0,174.2,159.2,11.7,1043.6,771.9,56,51.26,C40/50
897,387.0,20.0,94.0,157.0,13.9,938.0,845.0,3,25.51,C20/25
898,277.1,0.0,97.4,160.6,11.8,973.9,875.6,100,55.64,C45/55
899,362.6,189.0,0.0,164.9,11.6,944.7,755.8,56,77.3,C50/60
900,145.0,0.0,179.0,202.0,8.0,824.0,869.0,28,10.54,NoClass
901,305.3,203.5,0.0,203.5,0.0,965.4,631.0,28,43.38,C30/37
902,531.3,0.0,0.0,141.8,28.2,852.1,893.7,28,56.4,C45/55
903,362.6,189.0,0.0,164.9,11.6,944.7,755.8,3,35.3,C25/30
904,135.7,203.5,0.0,185.7,0.0,1076.2,759.3,7,7.51,NoClass
905,218.9,0.0,124.1,158.5,11.3,1078.7,794.9,56,37.27,C30/37
906,149.0,117.6,91.7,182.9,7.1,953.4,780.3,28,23.52,C16/20
907,147.0,115.0,89.0,202.0,9.0,860.0,829.0,28,19.99,C12/15
908,238.1,0.0,0.0,185.7,0.0,1118.8,789.3,7,10.34,NoClass
909,275.0,180.0,120.0,162.0,10.4,830.0,765.0,28,76.24,C50/60
910,424.0,22.0,132.0,178.0,8.5,882.0,750.0,3,32.01,C25/30
911,158.6,148.9,116.0,175.1,15.0,953.3,719.7,28,27.68,C20/25
912,491.0,26.0,123.0,201.0,3.9,822.0,699.0,28,57.92,C45/55
913,289.0,0.0,0.0,192.0,0.0,913.2,895.3,28,25.57,C20/25
914,134.7,0.0,165.7,180.2,10.0,961.0,804.9,28,13.29,NoClass
915,139.9,132.6,103.3,200.3,7.4,916.0,753.4,28,36.44,C25/30
916,146.0,173.0,0.0,182.0,3.0,986.0,817.0,28,23.74,C16/20
917,339.0,0.0,0.0,185.0,0.0,1069.0,754.0,28,31.84,C25/30
918,190.7,0.0,125.4,162.1,7.8,1090.0,804.0,28,26.4,C20/25
919,375.0,93.8,0.0,126.6,23.4,852.1,992.6,7,45.7,C35/45
920,160.2,188.0,146.4,203.2,11.3,828.7,709.7,28,35.31,C25/30
921,425.0,106.3,0.0,153.5,16.5,852.1,887.1,3,33.4,C25/30
922,238.1,0.0,94.1,186.7,7.0,949.9,847.0,56,39.59,C30/37
923,212.1,0.0,121.6,180.3,5.7,1057.6,779.3,56,34.2,C25/30
924,173.0,116.0,0.0,192.0,0.0,946.8,856.8,3,6.94,NoClass
925,233.8,0.0,94.6,197.9,4.6,947.0,852.2,28,22.84,C16/20
926,376.0,0.0,0.0,214.6,0.0,1003.5,762.4,100,43.06,C30/37
927,275.1,0.0,121.4,159.5,9.9,1053.6,777.5,56,56.85,C45/55
928,516.0,0.0,0.0,162.0,8.2,801.0,802.0,28,41.37,C30/37
929,393.0,0.0,0.0,192.0,0.0,940.0,758.0,90,48.79,C35/45
930,183.9,122.6,0.0,203.5,0.0,959.2,800.0,28,24.05,C16/20
931,246.8,0.0,125.1,143.3,12.0,1086.8,800.9,3,23.52,C16/20
932,231.8,0.0,121.6,174.0,6.7,1056.4,778.5,14,26.77,C20/25
933,331.0,0.0,0.0,192.0,0.0,1025.0,821.0,90,37.91,C30/37
934,475.0,118.8,0.0,181.1,8.9,852.1,781.5,7,55.6,C45/55
935,362.6,189.0,0.0,164.9,11.6,944.7,755.8,56,77.3,C50/60
936,425.0,106.3,0.0,151.4,18.6,936.0,803.7,3,36.3,C25/30
937,173.5,50.1,173.5,164.8,6.5,1006.2,793.5,56,53.77,C40/50
938,286.3,200.9,0.0,144.7,11.2,1004.6,803.7,56,72.99,C50/60
939,397.0,0.0,0.0,186.0,0.0,1040.0,734.0,28,36.94,C25/30
940,164.2,0.0,200.1,181.2,12.6,849.3,846.0,28,15.09,C12/15
941,231.8,0.0,121.6,174.0,6.7,1056.4,778.5,3,15.44,C12/15
942,289.0,0.0,0.0,192.0,0.0,913.2,895.3,3,11.65,NoClass
943,424.0,22.0,132.0,168.0,8.9,822.0,750.0,3,32.11,C25/30
944,522.0,0.0,0.0,146.0,0.0,896.0,896.0,28,74.99,C50/60
945,229.7,0.0,118.2,195.2,6.1,1028.1,757.6,3,13.36,NoClass
946,286.3,200.9,0.0,144.7,11.2,1004.6,803.7,7,38.0,C30/37
947,427.5,47.5,0.0,228.0,0.0,932.0,594.0,28,37.43,C30/37
948,304.0,140.0,0.0,214.0,6.0,895.0,722.0,28,33.42,C25/30
949,288.0,192.0,0.0,192.0,0.0,932.0,717.8,90,50.53,C40/50
950,287.3,120.5,93.9,187.6,9.2,904.4,695.9,28,43.8,C30/37
951,375.0,0.0,0.0,186.0,0.0,1038.0,758.0,7,26.06,C20/25
952,389.9,189.0,0.0,145.9,22.0,944.7,755.8,56,79.4,C50/60
953,446.0,24.0,79.0,162.0,11.6,967.0,712.0,7,39.3,C30/37
954,151.6,0.0,111.9,184.4,7.9,992.0,815.9,28,12.18,NoClass
955,136.0,162.0,126.0,172.0,10.0,923.0,764.0,28,29.07,C20/25
956,380.0,0.0,0.0,228.0,0.0,932.0,670.0,270,53.3,C40/50
957,172.4,13.6,172.4,156.8,4.1,1006.3,856.4,28,33.69,C25/30
958,331.0,0.0,0.0,192.0,0.0,1025.0,821.0,28,31.74,C25/30
959,313.0,145.0,0.0,127.0,8.0,1000.0,822.0,28,44.52,C30/37
960,222.4,0.0,96.7,189.3,4.5,967.1,870.3,3,11.58,NoClass
961,425.0,106.3,0.0,153.5,16.5,852.1,887.1,7,49.2,C35/45
962,425.0,106.3,0.0,153.5,16.5,852.1,887.1,7,49.2,C35/45
963,375.0,93.8,0.0,126.6,23.4,852.1,992.6,91,62.5,C50/60
964,297.0,0.0,0.0,186.0,0.0,1040.0,734.0,7,30.96,C25/30
965,446.0,24.0,79.0,162.0,10.3,967.0,712.0,28,53.39,C40/50
966,198.6,132.4,0.0,192.0,0.0,978.4,825.5,90,38.07,C30/37
967,249.1,0.0,98.8,158.1,12.8,987.8,889.0,14,28.68,C20/25
968,214.9,53.8,121.9,155.6,9.6,1014.3,780.6,14,38.6,C30/37
969,362.6,189.0,0.0,164.9,11.6,944.7,755.8,28,71.3,C50/60
970,238.0,0.0,0.0,185.0,0.0,1118.0,789.0,28,17.54,C12/15
971,167.0,75.4,167.0,164.0,7.9,1007.3,770.1,3,15.52,C12/15
972,233.8,0.0,94.6,197.9,4.6,947.0,852.2,3,10.38,NoClass
973,167.0,75.4,167.0,164.0,7.9,1007.3,770.1,14,32.9,C25/30
974,200.0,133.0,0.0,192.0,0.0,965.4,806.2,28,30.44,C25/30
975,401.8,94.7,0.0,147.4,11.4,946.8,852.1,91,75.5,C50/60
976,186.2,124.1,0.0,185.7,0.0,1083.4,764.3,7,8.0,NoClass
977,288.4,121.0,0.0,177.4,7.0,907.9,829.5,28,42.14,C30/37
978,295.0,0.0,0.0,185.0,0.0,1069.0,769.0,7,14.8,NoClass
979,323.7,282.8,0.0,183.8,10.3,942.7,659.9,56,80.2,C50/60
980,159.0,149.0,116.0,175.0,15.0,953.0,720.0,28,27.68,C20/25
981,149.0,236.0,0.0,176.0,13.0,847.0,893.0,28,32.96,C25/30
982,190.3,0.0,125.2,161.9,9.9,1088.1,802.6,56,38.56,C30/37
983,339.0,0.0,0.0,197.0,0.0,968.0,781.0,90,35.17,C25/30
984,491.0,26.0,123.0,210.0,3.9,882.0,699.0,56,59.59,C45/55
985,218.2,54.6,123.8,140.8,11.9,1075.7,792.7,14,35.96,C25/30
986,153.6,144.2,112.3,220.1,10.1,923.2,657.9,28,16.5,C12/15
987,382.5,0.0,0.0,185.7,0.0,1047.8,739.3,7,24.07,C16/20
988,252.3,0.0,98.8,146.3,14.2,987.8,889.0,14,42.29,C30/37
989,321.3,164.2,0.0,190.5,4.6,870.0,774.0,28,57.22,C45/55
990,135.0,0.0,166.0,180.0,10.0,961.0,805.0,28,13.29,NoClass
991,318.0,0.0,126.0,210.0,6.0,861.0,737.0,28,40.06,C30/37
992,178.0,129.8,118.6,179.9,3.6,1007.3,746.8,56,48.59,C35/45
993,210.7,316.1,0.0,185.7,0.0,977.0,689.3,28,37.81,C30/37
994,250.2,166.8,0.0,203.5,0.0,977.6,694.1,90,47.71,C35/45
995,146.5,114.6,89.3,201.9,8.8,860.0,829.5,28,19.99,C12/15
996,379.5,151.2,0.0,153.9,15.9,1134.3,605.0,7,47.1,C35/45
997,198.6,132.4,0.0,192.0,0.0,978.4,825.5,180,41.72,C30/37
998,194.7,0.0,100.5,165.6,7.5,1006.4,905.9,14,24.99,C16/20
999,297.2,0.0,117.5,174.8,9.5,1022.8,753.5,3,21.91,C16/20
1000,181.4,0.0,167.0,169.6,7.6,1055.6,777.8,100,45.37,C35/45
1001,139.6,209.4,0.0,192.0,0.0,1047.0,806.9,7,14.59,NoClass
1002,246.8,0.0,125.1,143.3,12.0,1086.8,800.9,14,42.22,C30/37
1003,218.9,0.0,124.1,158.5,11.3,1078.7,794.9,14,26.05,C20/25
1004,213.5,0.0,174.2,159.2,11.7,1043.6,771.9,3,15.61,C12/15
1005,220.8,147.2,0.0,185.7,0.0,1055.0,744.3,7,13.09,NoClass
1006,139.6,209.4,0.0,192.0,0.0,1047.0,806.9,180,44.21,C30/37
1007,153.1,145.0,113.0,178.5,8.0,867.2,824.0,28,26.23,C20/25
1008,362.6,189.0,0.0,164.9,11.6,944.7,755.8,7,55.9,C45/55
1009,255.0,99.0,77.0,189.0,6.0,919.0,749.0,28,33.8,C25/30
1010,277.1,0.0,97.4,160.6,11.8,973.9,875.6,28,48.28,C35/45
1011,212.5,0.0,100.4,159.3,8.7,1007.8,903.6,14,26.31,C20/25
1012,376.0,0.0,0.0,214.6,0.0,1003.5,762.4,3,16.28,C12/15
1013,200.0,133.0,0.0,192.0,0.0,965.4,806.2,90,43.25,C30/37
1014,326.5,0.0,137.9,199.0,10.8,801.1,792.5,28,38.63,C30/37
1015,202.0,11.0,141.0,206.0,1.7,942.0,801.0,7,15.07,C12/15
1016,213.5,0.0,174.2,154.6,11.7,1052.3,775.5,100,59.3,C45/55
1017,300.0,0.0,120.0,212.0,10.0,878.0,728.0,28,23.84,C16/20
1018,362.6,189.0,0.0,164.9,11.6,944.7,755.8,56,77.3,C50/60
1019,325.0,0.0,0.0,184.0,0.0,1063.0,783.0,28,30.57,C25/30
1020,108.3,162.4,0.0,203.5,0.0,938.2,849.0,7,7.72,NoClass
1021,250.2,166.8,0.0,203.5,0.0,977.6,694.1,7,19.35,C12/15
1022,165.0,128.5,132.1,175.1,8.1,1005.8,746.6,100,55.02,C45/55
1023,212.1,0.0,121.6,180.3,5.7,1057.6,779.3,28,24.9,C16/20
1024,500.0,0.0,0.0,200.0,0.0,1125.0,613.0,1,12.64,NoClass
1025,218.2,54.6,123.8,140.8,11.9,1075.7,792.7,3,27.42,C20/25
1026,427.5,47.5,0.0,228.0,0.0,932.0,594.0,270,43.01,C30/37
1027,181.4,0.0,167.0,169.6,7.6,1055.6,777.8,56,35.57,C25/30
1028,255.3,98.8,77.0,188.6,6.5,919.0,749.3,28,33.8,C25/30
1029,203.5,305.3,0.0,203.5,0.0,963.4,630.0,28,41.68,C30/37
